Numéro d'Étudiant,promotion,nom,prenom,date_naissance,email,telephone,adresse
2012000001,L2,Nom1,Prenom1,22/08/1983,prenom1.nom1@example.com,1050853967,Adresse1
2012000002,L1,Nom2,Prenom2,15/06/1998,prenom2.nom2@example.com,1292148613,Adresse2
2012000003,M1,Nom3,Prenom3,01/08/2005,prenom3.nom3@example.com,1606835293,Adresse3
2012000004,M0,Nom4,Prenom4,23/05/2001,prenom4.nom4@example.com,1193256960,Adresse4
2012000005,M1,Nom5,Prenom5,09/06/2003,prenom5.nom5@example.com,1730856112,Adresse5
2012000006,M1,Nom6,Prenom6,10/07/1984,prenom6.nom6@example.com,1705995264,Adresse6
2012000007,M1,Nom7,Prenom7,16/04/1997,prenom7.nom7@example.com,1543341375,Adresse7
2012000008,M1,Nom8,Prenom8,22/05/1995,prenom8.nom8@example.com,1532352074,Adresse8
2012000009,L1,Nom9,Prenom9,17/03/2002,prenom9.nom9@example.com,1025198902,Adresse9
2012000010,L0,Nom10,Prenom10,02/09/1982,prenom10.nom10@example.com,1757912850,Adresse10
2012000011,L2,Nom11,Prenom11,07/04/1996,prenom11.nom11@example.com,1312141079,Adresse11
2012000012,M0,Nom12,Prenom12,22/01/1986,prenom12.nom12@example.com,1052246437,Adresse12
2012000013,M1,Nom13,Prenom13,25/12/1994,prenom13.nom13@example.com,1262363479,Adresse13
2012000014,L1,Nom14,Prenom14,16/07/1993,prenom14.nom14@example.com,1743160353,Adresse14
2012000015,L0,Nom15,Prenom15,15/03/1990,prenom15.nom15@example.com,1566875285,Adresse15
2012000016,L1,Nom16,Prenom16,01/05/1995,prenom16.nom16@example.com,1728716798,Adresse16
2012000017,L2,Nom17,Prenom17,20/03/1992,prenom17.nom17@example.com,1649096098,Adresse17
2012000018,L2,Nom18,Prenom18,15/11/1987,prenom18.nom18@example.com,1058654934,Adresse18
2012000019,L1,Nom19,Prenom19,22/06/1989,prenom19.nom19@example.com,1664418786,Adresse19
2012000020,L1,Nom20,Prenom20,02/04/1999,prenom20.nom20@example.com,1367915670,Adresse20
2012000021,L2,Nom21,Prenom21,16/09/1992,prenom21.nom21@example.com,1330578661,Adresse21
2012000022,L1,Nom22,Prenom22,02/04/1997,prenom22.nom22@example.com,1025107940,Adresse22
2012000023,M1,Nom23,Prenom23,13/11/1988,prenom23.nom23@example.com,1595034774,Adresse23
2012000024,L2,Nom24,Prenom24,07/11/1984,prenom24.nom24@example.com,1217459674,Adresse24
2012000025,L0,Nom25,Prenom25,12/08/1988,prenom25.nom25@example.com,1696447781,Adresse25
2012000026,L1,Nom26,Prenom26,12/01/1990,prenom26.nom26@example.com,1315152064,Adresse26
2012000027,L0,Nom27,Prenom27,25/07/2001,prenom27.nom27@example.com,1194156753,Adresse27
2012000028,L1,Nom28,Prenom28,22/05/2004,prenom28.nom28@example.com,1009494094,Adresse28
2012000029,L1,Nom29,Prenom29,23/10/2003,prenom29.nom29@example.com,1397952856,Adresse29
2012000030,M1,Nom30,Prenom30,07/05/1989,prenom30.nom30@example.com,1186340038,Adresse30
2012000031,L1,Nom31,Prenom31,26/11/2002,prenom31.nom31@example.com,1249890421,Adresse31
2012000032,M0,Nom32,Prenom32,14/09/1983,prenom32.nom32@example.com,1660088383,Adresse32
2012000033,M0,Nom33,Prenom33,14/12/1987,prenom33.nom33@example.com,1180628690,Adresse33
2012000034,L1,Nom34,Prenom34,22/09/1980,prenom34.nom34@example.com,1809513255,Adresse34
2012000035,L1,Nom35,Prenom35,11/04/1988,prenom35.nom35@example.com,1081308431,Adresse35
2012000036,M0,Nom36,Prenom36,27/07/1980,prenom36.nom36@example.com,1334794537,Adresse36
2012000037,L2,Nom37,Prenom37,14/04/1990,prenom37.nom37@example.com,1234054065,Adresse37
2012000038,L2,Nom38,Prenom38,02/02/1988,prenom38.nom38@example.com,1831905696,Adresse38
2012000039,L1,Nom39,Prenom39,13/10/1994,prenom39.nom39@example.com,1612094391,Adresse39
2012000040,M0,Nom40,Prenom40,05/10/1994,prenom40.nom40@example.com,1029547513,Adresse40
2012000041,M0,Nom41,Prenom41,10/03/2004,prenom41.nom41@example.com,1473622961,Adresse41
2012000042,L0,Nom42,Prenom42,08/01/1984,prenom42.nom42@example.com,1491328798,Adresse42
2012000043,L0,Nom43,Prenom43,18/06/1996,prenom43.nom43@example.com,1848082358,Adresse43
2012000044,M1,Nom44,Prenom44,19/11/1988,prenom44.nom44@example.com,1264978866,Adresse44
2012000045,M0,Nom45,Prenom45,20/10/1982,prenom45.nom45@example.com,1517992027,Adresse45
2012000046,L1,Nom46,Prenom46,09/02/1991,prenom46.nom46@example.com,1328188433,Adresse46
2012000047,L1,Nom47,Prenom47,11/02/1980,prenom47.nom47@example.com,1619644399,Adresse47
2012000048,L2,Nom48,Prenom48,25/09/2000,prenom48.nom48@example.com,1638774965,Adresse48
2012000049,M1,Nom49,Prenom49,18/09/2001,prenom49.nom49@example.com,1173254542,Adresse49
2012000050,M0,Nom50,Prenom50,09/03/1980,prenom50.nom50@example.com,1578425096,Adresse50
2012000051,L2,Nom51,Prenom51,28/11/1987,prenom51.nom51@example.com,1850065969,Adresse51
2012000052,L2,Nom52,Prenom52,14/07/1987,prenom52.nom52@example.com,1729255130,Adresse52
2012000053,M1,Nom53,Prenom53,07/06/1987,prenom53.nom53@example.com,1608783530,Adresse53
2012000054,L1,Nom54,Prenom54,18/09/2003,prenom54.nom54@example.com,1042641994,Adresse54
2012000055,L0,Nom55,Prenom55,12/10/2002,prenom55.nom55@example.com,1136619924,Adresse55
2012000056,L0,Nom56,Prenom56,09/06/2000,prenom56.nom56@example.com,1176254892,Adresse56
2012000057,M1,Nom57,Prenom57,12/12/1980,prenom57.nom57@example.com,1096341121,Adresse57
2012000058,L2,Nom58,Prenom58,24/11/1987,prenom58.nom58@example.com,1554450086,Adresse58
2012000059,M0,Nom59,Prenom59,21/06/2003,prenom59.nom59@example.com,1896260161,Adresse59
2012000060,L0,Nom60,Prenom60,21/04/1982,prenom60.nom60@example.com,1880213362,Adresse60
2012000061,L2,Nom61,Prenom61,04/07/1992,prenom61.nom61@example.com,1123567955,Adresse61
2012000062,M1,Nom62,Prenom62,14/01/1996,prenom62.nom62@example.com,1076379349,Adresse62
2012000063,M0,Nom63,Prenom63,10/08/1995,prenom63.nom63@example.com,1013908917,Adresse63
2012000064,L1,Nom64,Prenom64,21/09/1989,prenom64.nom64@example.com,1091258401,Adresse64
2012000065,L1,Nom65,Prenom65,15/02/1992,prenom65.nom65@example.com,1428524663,Adresse65
2012000066,M1,Nom66,Prenom66,22/10/1989,prenom66.nom66@example.com,1416421606,Adresse66
2012000067,L1,Nom67,Prenom67,03/08/1985,prenom67.nom67@example.com,1039620235,Adresse67
2012000068,M0,Nom68,Prenom68,17/08/1983,prenom68.nom68@example.com,1790962044,Adresse68
2012000069,L2,Nom69,Prenom69,05/03/1995,prenom69.nom69@example.com,1242665344,Adresse69
2012000070,L2,Nom70,Prenom70,20/03/1993,prenom70.nom70@example.com,1657518652,Adresse70
2012000071,M0,Nom71,Prenom71,02/06/1988,prenom71.nom71@example.com,1896646436,Adresse71
2012000072,L1,Nom72,Prenom72,25/09/1981,prenom72.nom72@example.com,1711197510,Adresse72
2012000073,L0,Nom73,Prenom73,04/11/1982,prenom73.nom73@example.com,1462085867,Adresse73
2012000074,L1,Nom74,Prenom74,27/12/1989,prenom74.nom74@example.com,1008942067,Adresse74
2012000075,M1,Nom75,Prenom75,03/01/1998,prenom75.nom75@example.com,1563270846,Adresse75
2012000076,L2,Nom76,Prenom76,08/04/2003,prenom76.nom76@example.com,1612557125,Adresse76
2012000077,L2,Nom77,Prenom77,27/05/1991,prenom77.nom77@example.com,1751676090,Adresse77
2012000078,M1,Nom78,Prenom78,27/01/2005,prenom78.nom78@example.com,1837006287,Adresse78
2012000079,M0,Nom79,Prenom79,20/06/1985,prenom79.nom79@example.com,1143567151,Adresse79
2012000080,L0,Nom80,Prenom80,03/08/1998,prenom80.nom80@example.com,1615656283,Adresse80
2012000081,L2,Nom81,Prenom81,21/12/1989,prenom81.nom81@example.com,1482582840,Adresse81
2012000082,L1,Nom82,Prenom82,04/10/2004,prenom82.nom82@example.com,1558456625,Adresse82
2012000083,L1,Nom83,Prenom83,13/04/1985,prenom83.nom83@example.com,1100343948,Adresse83
2012000084,M0,Nom84,Prenom84,20/08/1992,prenom84.nom84@example.com,1858498879,Adresse84
2012000085,L0,Nom85,Prenom85,28/01/1997,prenom85.nom85@example.com,1602668537,Adresse85
2012000086,L0,Nom86,Prenom86,05/10/1991,prenom86.nom86@example.com,1715504200,Adresse86
2012000087,M0,Nom87,Prenom87,22/01/1997,prenom87.nom87@example.com,1732650955,Adresse87
2012000088,M0,Nom88,Prenom88,10/04/1982,prenom88.nom88@example.com,1447096798,Adresse88
2012000089,L0,Nom89,Prenom89,23/12/1994,prenom89.nom89@example.com,1580135992,Adresse89
2012000090,L2,Nom90,Prenom90,10/07/2000,prenom90.nom90@example.com,1193501837,Adresse90
2012000091,M1,Nom91,Prenom91,26/04/1985,prenom91.nom91@example.com,1544934361,Adresse91
2012000092,M0,Nom92,Prenom92,01/03/1986,prenom92.nom92@example.com,1315351053,Adresse92
2012000093,L2,Nom93,Prenom93,26/06/1989,prenom93.nom93@example.com,1720065766,Adresse93
2012000094,M1,Nom94,Prenom94,08/06/1985,prenom94.nom94@example.com,1478955880,Adresse94
2012000095,L1,Nom95,Prenom95,05/09/1988,prenom95.nom95@example.com,1231286289,Adresse95
2012000096,M0,Nom96,Prenom96,26/11/1988,prenom96.nom96@example.com,1477139628,Adresse96
2012000097,L2,Nom97,Prenom97,05/08/1988,prenom97.nom97@example.com,1453459385,Adresse97
2012000098,M0,Nom98,Prenom98,05/01/1984,prenom98.nom98@example.com,1365387230,Adresse98
2012000099,L0,Nom99,Prenom99,02/02/1985,prenom99.nom99@example.com,1284246764,Adresse99
2012000100,M1,Nom100,Prenom100,14/03/1999,prenom100.nom100@example.com,1119350032,Adresse100
2012000101,L0,Nom101,Prenom101,09/11/1994,prenom101.nom101@example.com,1759503981,Adresse101
2012000102,L0,Nom102,Prenom102,25/01/1989,prenom102.nom102@example.com,1157531551,Adresse102
2012000103,M1,Nom103,Prenom103,12/05/1984,prenom103.nom103@example.com,1751606984,Adresse103
2012000104,L1,Nom104,Prenom104,21/04/2002,prenom104.nom104@example.com,1319028239,Adresse104
2012000105,L2,Nom105,Prenom105,02/01/2002,prenom105.nom105@example.com,1436101029,Adresse105
2012000106,M1,Nom106,Prenom106,10/03/1998,prenom106.nom106@example.com,1776252505,Adresse106
2012000107,M0,Nom107,Prenom107,23/09/1991,prenom107.nom107@example.com,1597537517,Adresse107
2012000108,M1,Nom108,Prenom108,23/01/2000,prenom108.nom108@example.com,1207691612,Adresse108
2012000109,L2,Nom109,Prenom109,10/12/2004,prenom109.nom109@example.com,1046912241,Adresse109
2012000110,M1,Nom110,Prenom110,18/12/1994,prenom110.nom110@example.com,1241135692,Adresse110
2012000111,M0,Nom111,Prenom111,22/08/1996,prenom111.nom111@example.com,1593200414,Adresse111
2012000112,L1,Nom112,Prenom112,10/10/1999,prenom112.nom112@example.com,1581738488,Adresse112
2012000113,M0,Nom113,Prenom113,11/06/1981,prenom113.nom113@example.com,1481237288,Adresse113
2012000114,M0,Nom114,Prenom114,16/09/1996,prenom114.nom114@example.com,1494887562,Adresse114
2012000115,M1,Nom115,Prenom115,05/12/1997,prenom115.nom115@example.com,1818031756,Adresse115
2012000116,L1,Nom116,Prenom116,15/04/1985,prenom116.nom116@example.com,1646466814,Adresse116
2012000117,M1,Nom117,Prenom117,18/03/1989,prenom117.nom117@example.com,1179879758,Adresse117
2012000118,M0,Nom118,Prenom118,13/10/1981,prenom118.nom118@example.com,1190100597,Adresse118
2012000119,L1,Nom119,Prenom119,24/09/1987,prenom119.nom119@example.com,1501629237,Adresse119
2012000120,M0,Nom120,Prenom120,28/09/1999,prenom120.nom120@example.com,1129199658,Adresse120
2012000121,L1,Nom121,Prenom121,16/12/1980,prenom121.nom121@example.com,1524544297,Adresse121
2012000122,L1,Nom122,Prenom122,18/01/1986,prenom122.nom122@example.com,1277271017,Adresse122
2012000123,M1,Nom123,Prenom123,10/10/1984,prenom123.nom123@example.com,1279255615,Adresse123
2012000124,L1,Nom124,Prenom124,09/07/1992,prenom124.nom124@example.com,1244845704,Adresse124
2012000125,M1,Nom125,Prenom125,28/12/2005,prenom125.nom125@example.com,1464162054,Adresse125
2012000126,L1,Nom126,Prenom126,28/05/2002,prenom126.nom126@example.com,1038799955,Adresse126
2012000127,L1,Nom127,Prenom127,23/09/1988,prenom127.nom127@example.com,1840493722,Adresse127
2012000128,L2,Nom128,Prenom128,09/07/1990,prenom128.nom128@example.com,1730499222,Adresse128
2012000129,M1,Nom129,Prenom129,25/03/2002,prenom129.nom129@example.com,1168371668,Adresse129
2012000130,M0,Nom130,Prenom130,12/09/1987,prenom130.nom130@example.com,1297731849,Adresse130
2012000131,M1,Nom131,Prenom131,04/06/2001,prenom131.nom131@example.com,1072667396,Adresse131
2012000132,M0,Nom132,Prenom132,06/05/1985,prenom132.nom132@example.com,1050532269,Adresse132
2012000133,L0,Nom133,Prenom133,07/08/1986,prenom133.nom133@example.com,1863422950,Adresse133
2012000134,M0,Nom134,Prenom134,10/07/1988,prenom134.nom134@example.com,1053631404,Adresse134
2012000135,L0,Nom135,Prenom135,10/09/1994,prenom135.nom135@example.com,1740761542,Adresse135
2012000136,M0,Nom136,Prenom136,20/05/1988,prenom136.nom136@example.com,1169918486,Adresse136
2012000137,M1,Nom137,Prenom137,24/06/1984,prenom137.nom137@example.com,1858425538,Adresse137
2012000138,M1,Nom138,Prenom138,22/07/1995,prenom138.nom138@example.com,1562063952,Adresse138
2012000139,M1,Nom139,Prenom139,22/08/1999,prenom139.nom139@example.com,1427354171,Adresse139
2012000140,L2,Nom140,Prenom140,26/06/1982,prenom140.nom140@example.com,1280173152,Adresse140
2012000141,L2,Nom141,Prenom141,28/02/1984,prenom141.nom141@example.com,1474427839,Adresse141
2012000142,M0,Nom142,Prenom142,22/10/1996,prenom142.nom142@example.com,1485662260,Adresse142
2012000143,M1,Nom143,Prenom143,05/07/1992,prenom143.nom143@example.com,1829525305,Adresse143
2012000144,M1,Nom144,Prenom144,19/07/1984,prenom144.nom144@example.com,1489904974,Adresse144
2012000145,M1,Nom145,Prenom145,24/06/1998,prenom145.nom145@example.com,1130177434,Adresse145
2012000146,M1,Nom146,Prenom146,10/10/1997,prenom146.nom146@example.com,1582708957,Adresse146
2012000147,M0,Nom147,Prenom147,09/05/1992,prenom147.nom147@example.com,1598735403,Adresse147
2012000148,L0,Nom148,Prenom148,22/03/1997,prenom148.nom148@example.com,1449188350,Adresse148
2012000149,M1,Nom149,Prenom149,12/03/1997,prenom149.nom149@example.com,1558066857,Adresse149
2012000150,L0,Nom150,Prenom150,28/08/1996,prenom150.nom150@example.com,1635728764,Adresse150
2012000151,L1,Nom151,Prenom151,15/02/1985,prenom151.nom151@example.com,1087005664,Adresse151
2012000152,L2,Nom152,Prenom152,27/01/1982,prenom152.nom152@example.com,1638632458,Adresse152
2012000153,M0,Nom153,Prenom153,21/05/1990,prenom153.nom153@example.com,1179216486,Adresse153
2012000154,M1,Nom154,Prenom154,10/08/1998,prenom154.nom154@example.com,1549103344,Adresse154
2012000155,L2,Nom155,Prenom155,04/06/1998,prenom155.nom155@example.com,1405012298,Adresse155
2012000156,M1,Nom156,Prenom156,18/05/1993,prenom156.nom156@example.com,1451822284,Adresse156
2012000157,L0,Nom157,Prenom157,23/06/1995,prenom157.nom157@example.com,1755871460,Adresse157
2012000158,M0,Nom158,Prenom158,13/07/1986,prenom158.nom158@example.com,1261764797,Adresse158
2012000159,L1,Nom159,Prenom159,12/06/1991,prenom159.nom159@example.com,1364585163,Adresse159
2012000160,L1,Nom160,Prenom160,04/03/1988,prenom160.nom160@example.com,1804766281,Adresse160
2012000161,M1,Nom161,Prenom161,11/10/1995,prenom161.nom161@example.com,1711481673,Adresse161
2012000162,M0,Nom162,Prenom162,17/11/1998,prenom162.nom162@example.com,1745621915,Adresse162
2012000163,L0,Nom163,Prenom163,20/05/1994,prenom163.nom163@example.com,1587632629,Adresse163
2012000164,M1,Nom164,Prenom164,03/02/1995,prenom164.nom164@example.com,1434213248,Adresse164
2012000165,L0,Nom165,Prenom165,22/09/2004,prenom165.nom165@example.com,1834869026,Adresse165
2012000166,L2,Nom166,Prenom166,13/04/1984,prenom166.nom166@example.com,1450923757,Adresse166
2012000167,M0,Nom167,Prenom167,18/03/1986,prenom167.nom167@example.com,1099845946,Adresse167
2012000168,L1,Nom168,Prenom168,28/10/2002,prenom168.nom168@example.com,1000420542,Adresse168
2012000169,L0,Nom169,Prenom169,03/06/1999,prenom169.nom169@example.com,1141749591,Adresse169
2012000170,L0,Nom170,Prenom170,23/07/2000,prenom170.nom170@example.com,1638896773,Adresse170
2012000171,L0,Nom171,Prenom171,26/06/1987,prenom171.nom171@example.com,1644196428,Adresse171
2012000172,L1,Nom172,Prenom172,14/05/2001,prenom172.nom172@example.com,1666381861,Adresse172
2012000173,M0,Nom173,Prenom173,18/12/1991,prenom173.nom173@example.com,1716976925,Adresse173
2012000174,M1,Nom174,Prenom174,16/01/1980,prenom174.nom174@example.com,1145152333,Adresse174
2012000175,M0,Nom175,Prenom175,11/07/1984,prenom175.nom175@example.com,1633470427,Adresse175
2012000176,M1,Nom176,Prenom176,15/12/1990,prenom176.nom176@example.com,1615370732,Adresse176
2012000177,M1,Nom177,Prenom177,13/11/1994,prenom177.nom177@example.com,1428696508,Adresse177
2012000178,M0,Nom178,Prenom178,16/09/1996,prenom178.nom178@example.com,1072644221,Adresse178
2012000179,M0,Nom179,Prenom179,05/05/1994,prenom179.nom179@example.com,1111949216,Adresse179
2012000180,M1,Nom180,Prenom180,03/01/1980,prenom180.nom180@example.com,1737945818,Adresse180
2012000181,M0,Nom181,Prenom181,12/02/1987,prenom181.nom181@example.com,1281563839,Adresse181
2012000182,L1,Nom182,Prenom182,11/07/1992,prenom182.nom182@example.com,1206236889,Adresse182
2012000183,L2,Nom183,Prenom183,08/12/1999,prenom183.nom183@example.com,1618456104,Adresse183
2012000184,M0,Nom184,Prenom184,18/06/1990,prenom184.nom184@example.com,1208054992,Adresse184
2012000185,M0,Nom185,Prenom185,03/02/1985,prenom185.nom185@example.com,1029937998,Adresse185
2012000186,M0,Nom186,Prenom186,07/08/1994,prenom186.nom186@example.com,1827782991,Adresse186
2012000187,M1,Nom187,Prenom187,17/11/2003,prenom187.nom187@example.com,1507980788,Adresse187
2012000188,L1,Nom188,Prenom188,28/09/1997,prenom188.nom188@example.com,1134841017,Adresse188
2012000189,L1,Nom189,Prenom189,07/09/1993,prenom189.nom189@example.com,1623728714,Adresse189
2012000190,M0,Nom190,Prenom190,07/01/1983,prenom190.nom190@example.com,1356040310,Adresse190
2012000191,L2,Nom191,Prenom191,20/09/1993,prenom191.nom191@example.com,1609444450,Adresse191
2012000192,M1,Nom192,Prenom192,18/03/1986,prenom192.nom192@example.com,1582037497,Adresse192
2012000193,M0,Nom193,Prenom193,13/02/1993,prenom193.nom193@example.com,1877556634,Adresse193
2012000194,M1,Nom194,Prenom194,07/06/1988,prenom194.nom194@example.com,1426677588,Adresse194
2012000195,M0,Nom195,Prenom195,22/08/1987,prenom195.nom195@example.com,1860795532,Adresse195
2012000196,L1,Nom196,Prenom196,05/11/1983,prenom196.nom196@example.com,1432146189,Adresse196
2012000197,M1,Nom197,Prenom197,07/10/1992,prenom197.nom197@example.com,1112858193,Adresse197
2012000198,M1,Nom198,Prenom198,19/06/1981,prenom198.nom198@example.com,1209086755,Adresse198
2012000199,M1,Nom199,Prenom199,26/05/1991,prenom199.nom199@example.com,1004918258,Adresse199
2012000200,L2,Nom200,Prenom200,11/02/1992,prenom200.nom200@example.com,1456868424,Adresse200
2012000201,L0,Nom201,Prenom201,07/04/1981,prenom201.nom201@example.com,1225046321,Adresse201
2012000202,M0,Nom202,Prenom202,03/09/1983,prenom202.nom202@example.com,1218218716,Adresse202
2012000203,L2,Nom203,Prenom203,09/01/1987,prenom203.nom203@example.com,1556498592,Adresse203
2012000204,L1,Nom204,Prenom204,18/07/1981,prenom204.nom204@example.com,1132072323,Adresse204
2012000205,M1,Nom205,Prenom205,21/03/1980,prenom205.nom205@example.com,1257181018,Adresse205
2012000206,M1,Nom206,Prenom206,10/08/1980,prenom206.nom206@example.com,1686288045,Adresse206
2012000207,L1,Nom207,Prenom207,27/01/1981,prenom207.nom207@example.com,1683287200,Adresse207
2012000208,M0,Nom208,Prenom208,22/03/1983,prenom208.nom208@example.com,1254760499,Adresse208
2012000209,L0,Nom209,Prenom209,26/09/1996,prenom209.nom209@example.com,1341350892,Adresse209
2012000210,L1,Nom210,Prenom210,27/06/2005,prenom210.nom210@example.com,1212602625,Adresse210
2012000211,L2,Nom211,Prenom211,01/04/1983,prenom211.nom211@example.com,1202011271,Adresse211
2012000212,L1,Nom212,Prenom212,22/11/1990,prenom212.nom212@example.com,1410001692,Adresse212
2012000213,M0,Nom213,Prenom213,06/07/2001,prenom213.nom213@example.com,1106478746,Adresse213
2012000214,M1,Nom214,Prenom214,11/09/1987,prenom214.nom214@example.com,1220689967,Adresse214
2012000215,L2,Nom215,Prenom215,04/03/2004,prenom215.nom215@example.com,1817173821,Adresse215
2012000216,M0,Nom216,Prenom216,27/05/1985,prenom216.nom216@example.com,1100406976,Adresse216
2012000217,L2,Nom217,Prenom217,11/06/1987,prenom217.nom217@example.com,1758684798,Adresse217
2012000218,M1,Nom218,Prenom218,07/01/2004,prenom218.nom218@example.com,1215585246,Adresse218
2012000219,M0,Nom219,Prenom219,03/03/2001,prenom219.nom219@example.com,1749576650,Adresse219
2012000220,M0,Nom220,Prenom220,22/12/1984,prenom220.nom220@example.com,1019329882,Adresse220
2012000221,M0,Nom221,Prenom221,20/04/1983,prenom221.nom221@example.com,1836178392,Adresse221
2012000222,M1,Nom222,Prenom222,14/09/1982,prenom222.nom222@example.com,1757340104,Adresse222
2012000223,L2,Nom223,Prenom223,02/05/1995,prenom223.nom223@example.com,1889206759,Adresse223
2012000224,L2,Nom224,Prenom224,02/04/1985,prenom224.nom224@example.com,1686213846,Adresse224
2012000225,M0,Nom225,Prenom225,27/07/1990,prenom225.nom225@example.com,1423454756,Adresse225
2012000226,L2,Nom226,Prenom226,24/02/2005,prenom226.nom226@example.com,1361023207,Adresse226
2012000227,M0,Nom227,Prenom227,08/02/1989,prenom227.nom227@example.com,1822959823,Adresse227
2012000228,M1,Nom228,Prenom228,06/02/1998,prenom228.nom228@example.com,1724832521,Adresse228
2012000229,L0,Nom229,Prenom229,03/07/2003,prenom229.nom229@example.com,1380878174,Adresse229
2012000230,L1,Nom230,Prenom230,22/08/1995,prenom230.nom230@example.com,1077345576,Adresse230
2012000231,M1,Nom231,Prenom231,17/09/1981,prenom231.nom231@example.com,1494678325,Adresse231
2012000232,M0,Nom232,Prenom232,01/12/1993,prenom232.nom232@example.com,1495567696,Adresse232
2012000233,L0,Nom233,Prenom233,06/08/1995,prenom233.nom233@example.com,1438114414,Adresse233
2012000234,L0,Nom234,Prenom234,16/06/1982,prenom234.nom234@example.com,1443326814,Adresse234
2012000235,L0,Nom235,Prenom235,02/11/1996,prenom235.nom235@example.com,1342850318,Adresse235
2012000236,L0,Nom236,Prenom236,27/06/1982,prenom236.nom236@example.com,1006674733,Adresse236
2012000237,M1,Nom237,Prenom237,28/05/1999,prenom237.nom237@example.com,1742401507,Adresse237
2012000238,L1,Nom238,Prenom238,04/04/1994,prenom238.nom238@example.com,1773986947,Adresse238
2012000239,M0,Nom239,Prenom239,02/06/1992,prenom239.nom239@example.com,1249309765,Adresse239
2012000240,M1,Nom240,Prenom240,24/06/1981,prenom240.nom240@example.com,1556266917,Adresse240
2012000241,M1,Nom241,Prenom241,02/08/1988,prenom241.nom241@example.com,1132067143,Adresse241
2012000242,M0,Nom242,Prenom242,09/01/2005,prenom242.nom242@example.com,1661447192,Adresse242
2012000243,L2,Nom243,Prenom243,02/10/1985,prenom243.nom243@example.com,1563034543,Adresse243
2012000244,L1,Nom244,Prenom244,16/12/1992,prenom244.nom244@example.com,1233270000,Adresse244
2012000245,L0,Nom245,Prenom245,08/09/1995,prenom245.nom245@example.com,1081079471,Adresse245
2012000246,M1,Nom246,Prenom246,18/09/2001,prenom246.nom246@example.com,1033598986,Adresse246
2012000247,M0,Nom247,Prenom247,03/12/2005,prenom247.nom247@example.com,1813051520,Adresse247
2012000248,M0,Nom248,Prenom248,08/07/1987,prenom248.nom248@example.com,1173619533,Adresse248
2012000249,M1,Nom249,Prenom249,07/03/1989,prenom249.nom249@example.com,1625033421,Adresse249
2012000250,L1,Nom250,Prenom250,20/03/1999,prenom250.nom250@example.com,1713687390,Adresse250
2012000251,M1,Nom251,Prenom251,08/01/2005,prenom251.nom251@example.com,1494864716,Adresse251
2012000252,L0,Nom252,Prenom252,12/07/1986,prenom252.nom252@example.com,1000772665,Adresse252
2012000253,M1,Nom253,Prenom253,03/07/1984,prenom253.nom253@example.com,1672864113,Adresse253
2012000254,L2,Nom254,Prenom254,13/06/1993,prenom254.nom254@example.com,1447078980,Adresse254
2012000255,M0,Nom255,Prenom255,11/10/1992,prenom255.nom255@example.com,1533367934,Adresse255
2012000256,L0,Nom256,Prenom256,13/11/1985,prenom256.nom256@example.com,1693499001,Adresse256
2012000257,M1,Nom257,Prenom257,08/04/2004,prenom257.nom257@example.com,1139498168,Adresse257
2012000258,L1,Nom258,Prenom258,02/03/1985,prenom258.nom258@example.com,1626076190,Adresse258
2012000259,L1,Nom259,Prenom259,08/10/2002,prenom259.nom259@example.com,1590401206,Adresse259
2012000260,M1,Nom260,Prenom260,17/12/1986,prenom260.nom260@example.com,1668946814,Adresse260
2012000261,M1,Nom261,Prenom261,04/08/1980,prenom261.nom261@example.com,1371558215,Adresse261
2012000262,M0,Nom262,Prenom262,24/10/1998,prenom262.nom262@example.com,1784693110,Adresse262
2012000263,L0,Nom263,Prenom263,25/08/1981,prenom263.nom263@example.com,1125167608,Adresse263
2012000264,M0,Nom264,Prenom264,02/02/1984,prenom264.nom264@example.com,1763452087,Adresse264
2012000265,M0,Nom265,Prenom265,17/01/1999,prenom265.nom265@example.com,1878282355,Adresse265
2012000266,M0,Nom266,Prenom266,06/10/1983,prenom266.nom266@example.com,1615652348,Adresse266
2012000267,L2,Nom267,Prenom267,17/01/1983,prenom267.nom267@example.com,1162601410,Adresse267
2012000268,L2,Nom268,Prenom268,17/08/1991,prenom268.nom268@example.com,1540125250,Adresse268
2012000269,L1,Nom269,Prenom269,15/11/1980,prenom269.nom269@example.com,1690894196,Adresse269
2012000270,M1,Nom270,Prenom270,23/11/1986,prenom270.nom270@example.com,1415013111,Adresse270
2012000271,M0,Nom271,Prenom271,23/11/1987,prenom271.nom271@example.com,1106207602,Adresse271
2012000272,L1,Nom272,Prenom272,23/12/1994,prenom272.nom272@example.com,1241966270,Adresse272
2012000273,M0,Nom273,Prenom273,11/06/2003,prenom273.nom273@example.com,1757473271,Adresse273
2012000274,L2,Nom274,Prenom274,06/09/1990,prenom274.nom274@example.com,1043673999,Adresse274
2012000275,M1,Nom275,Prenom275,13/06/1999,prenom275.nom275@example.com,1092888592,Adresse275
2012000276,L2,Nom276,Prenom276,10/05/1987,prenom276.nom276@example.com,1469711598,Adresse276
2012000277,M0,Nom277,Prenom277,10/10/2001,prenom277.nom277@example.com,1557155488,Adresse277
2012000278,M1,Nom278,Prenom278,21/11/1992,prenom278.nom278@example.com,1438905387,Adresse278
2012000279,M1,Nom279,Prenom279,19/02/1997,prenom279.nom279@example.com,1558850755,Adresse279
2012000280,M0,Nom280,Prenom280,18/09/1987,prenom280.nom280@example.com,1158457534,Adresse280
2012000281,M1,Nom281,Prenom281,13/03/1987,prenom281.nom281@example.com,1012697353,Adresse281
2012000282,L0,Nom282,Prenom282,09/12/1981,prenom282.nom282@example.com,1491104691,Adresse282
2012000283,M0,Nom283,Prenom283,12/04/1994,prenom283.nom283@example.com,1587178832,Adresse283
2012000284,L2,Nom284,Prenom284,13/07/1986,prenom284.nom284@example.com,1789558763,Adresse284
2012000285,M0,Nom285,Prenom285,27/10/2003,prenom285.nom285@example.com,1505400759,Adresse285
2012000286,L2,Nom286,Prenom286,06/10/1988,prenom286.nom286@example.com,1847054016,Adresse286
2012000287,M1,Nom287,Prenom287,21/03/1994,prenom287.nom287@example.com,1228544295,Adresse287
2012000288,L2,Nom288,Prenom288,04/05/1985,prenom288.nom288@example.com,1582017306,Adresse288
2012000289,M1,Nom289,Prenom289,21/11/1991,prenom289.nom289@example.com,1691304207,Adresse289
2012000290,L2,Nom290,Prenom290,15/02/1999,prenom290.nom290@example.com,1143193664,Adresse290
2012000291,L2,Nom291,Prenom291,19/01/1994,prenom291.nom291@example.com,1602628032,Adresse291
2012000292,M1,Nom292,Prenom292,11/12/2003,prenom292.nom292@example.com,1103703991,Adresse292
2012000293,L2,Nom293,Prenom293,08/01/1989,prenom293.nom293@example.com,1521159320,Adresse293
2012000294,M1,Nom294,Prenom294,19/03/1995,prenom294.nom294@example.com,1793308457,Adresse294
2012000295,M0,Nom295,Prenom295,04/03/1980,prenom295.nom295@example.com,1547754338,Adresse295
2012000296,M0,Nom296,Prenom296,16/06/1992,prenom296.nom296@example.com,1039612412,Adresse296
2012000297,M0,Nom297,Prenom297,14/07/1987,prenom297.nom297@example.com,1419274148,Adresse297
2012000298,L1,Nom298,Prenom298,08/05/1997,prenom298.nom298@example.com,1858432312,Adresse298
2012000299,L2,Nom299,Prenom299,16/11/1986,prenom299.nom299@example.com,1896537631,Adresse299
2012000300,M1,Nom300,Prenom300,04/05/2003,prenom300.nom300@example.com,1541978187,Adresse300
2012000301,M1,Nom301,Prenom301,18/11/2004,prenom301.nom301@example.com,1427321702,Adresse301
2012000302,M0,Nom302,Prenom302,22/01/1987,prenom302.nom302@example.com,1119468275,Adresse302
2012000303,L1,Nom303,Prenom303,12/04/1999,prenom303.nom303@example.com,1131466707,Adresse303
2012000304,L0,Nom304,Prenom304,25/01/1983,prenom304.nom304@example.com,1671117624,Adresse304
2012000305,L1,Nom305,Prenom305,10/08/1985,prenom305.nom305@example.com,1560100291,Adresse305
2012000306,M1,Nom306,Prenom306,23/12/1999,prenom306.nom306@example.com,1889059775,Adresse306
2012000307,M1,Nom307,Prenom307,20/12/2002,prenom307.nom307@example.com,1684652073,Adresse307
2012000308,L0,Nom308,Prenom308,05/11/2004,prenom308.nom308@example.com,1048354543,Adresse308
2012000309,M0,Nom309,Prenom309,10/05/1980,prenom309.nom309@example.com,1313304915,Adresse309
2012000310,M1,Nom310,Prenom310,14/01/1998,prenom310.nom310@example.com,1746573010,Adresse310
2012000311,L2,Nom311,Prenom311,04/03/1990,prenom311.nom311@example.com,1500834640,Adresse311
2012000312,L1,Nom312,Prenom312,10/01/1995,prenom312.nom312@example.com,1247752713,Adresse312
2012000313,L0,Nom313,Prenom313,18/03/1983,prenom313.nom313@example.com,1349973795,Adresse313
2012000314,M0,Nom314,Prenom314,24/04/1983,prenom314.nom314@example.com,1399149904,Adresse314
2012000315,L1,Nom315,Prenom315,26/06/1995,prenom315.nom315@example.com,1603526638,Adresse315
2012000316,L2,Nom316,Prenom316,10/05/1996,prenom316.nom316@example.com,1052990407,Adresse316
2012000317,M1,Nom317,Prenom317,18/02/1980,prenom317.nom317@example.com,1481842925,Adresse317
2012000318,L0,Nom318,Prenom318,01/03/2004,prenom318.nom318@example.com,1527302239,Adresse318
2012000319,M0,Nom319,Prenom319,21/04/1998,prenom319.nom319@example.com,1633325070,Adresse319
2012000320,L1,Nom320,Prenom320,06/07/2004,prenom320.nom320@example.com,1409890448,Adresse320
2012000321,M0,Nom321,Prenom321,03/03/1985,prenom321.nom321@example.com,1193147670,Adresse321
2012000322,M0,Nom322,Prenom322,15/08/1983,prenom322.nom322@example.com,1206832251,Adresse322
2012000323,L2,Nom323,Prenom323,03/12/1986,prenom323.nom323@example.com,1125468933,Adresse323
2012000324,L2,Nom324,Prenom324,13/12/2002,prenom324.nom324@example.com,1119821744,Adresse324
2012000325,M0,Nom325,Prenom325,01/09/2003,prenom325.nom325@example.com,1199383693,Adresse325
2012000326,L1,Nom326,Prenom326,01/07/1988,prenom326.nom326@example.com,1579812346,Adresse326
2012000327,L0,Nom327,Prenom327,05/02/1992,prenom327.nom327@example.com,1819239931,Adresse327
2012000328,L1,Nom328,Prenom328,15/05/2001,prenom328.nom328@example.com,1257232364,Adresse328
2012000329,L0,Nom329,Prenom329,14/07/1996,prenom329.nom329@example.com,1847866050,Adresse329
2012000330,L1,Nom330,Prenom330,06/02/1993,prenom330.nom330@example.com,1215809207,Adresse330
2012000331,L2,Nom331,Prenom331,28/09/1980,prenom331.nom331@example.com,1644422370,Adresse331
2012000332,M1,Nom332,Prenom332,13/07/1981,prenom332.nom332@example.com,1593420693,Adresse332
2012000333,M1,Nom333,Prenom333,18/06/1980,prenom333.nom333@example.com,1032224437,Adresse333
2012000334,L2,Nom334,Prenom334,27/03/1988,prenom334.nom334@example.com,1670835823,Adresse334
2012000335,L0,Nom335,Prenom335,21/06/1994,prenom335.nom335@example.com,1323064901,Adresse335
2012000336,L0,Nom336,Prenom336,08/07/1982,prenom336.nom336@example.com,1561492905,Adresse336
2012000337,M1,Nom337,Prenom337,01/12/1992,prenom337.nom337@example.com,1510718468,Adresse337
2012000338,L1,Nom338,Prenom338,03/06/1981,prenom338.nom338@example.com,1261815301,Adresse338
2012000339,M0,Nom339,Prenom339,24/09/1987,prenom339.nom339@example.com,1025777817,Adresse339
2012000340,L1,Nom340,Prenom340,28/10/1987,prenom340.nom340@example.com,1290519014,Adresse340
2012000341,L0,Nom341,Prenom341,11/07/1991,prenom341.nom341@example.com,1287458174,Adresse341
2012000342,L1,Nom342,Prenom342,14/09/1995,prenom342.nom342@example.com,1018894839,Adresse342
2012000343,M1,Nom343,Prenom343,12/12/1994,prenom343.nom343@example.com,1051808448,Adresse343
2012000344,M1,Nom344,Prenom344,12/11/1998,prenom344.nom344@example.com,1428940880,Adresse344
2012000345,M1,Nom345,Prenom345,11/01/1993,prenom345.nom345@example.com,1388791381,Adresse345
2012000346,L0,Nom346,Prenom346,26/03/1990,prenom346.nom346@example.com,1167460304,Adresse346
2012000347,L2,Nom347,Prenom347,21/01/1980,prenom347.nom347@example.com,1212647733,Adresse347
2012000348,L2,Nom348,Prenom348,04/04/2003,prenom348.nom348@example.com,1057055663,Adresse348
2012000349,M0,Nom349,Prenom349,02/09/1993,prenom349.nom349@example.com,1361687611,Adresse349
2012000350,L0,Nom350,Prenom350,27/06/1983,prenom350.nom350@example.com,1749673924,Adresse350
2012000351,M1,Nom351,Prenom351,16/11/1980,prenom351.nom351@example.com,1399528664,Adresse351
2012000352,M1,Nom352,Prenom352,10/07/1996,prenom352.nom352@example.com,1349733276,Adresse352
2012000353,L1,Nom353,Prenom353,24/01/1999,prenom353.nom353@example.com,1794979015,Adresse353
2012000354,L1,Nom354,Prenom354,03/11/1996,prenom354.nom354@example.com,1134570083,Adresse354
2012000355,L2,Nom355,Prenom355,19/04/1993,prenom355.nom355@example.com,1847974007,Adresse355
2012000356,M0,Nom356,Prenom356,06/02/1995,prenom356.nom356@example.com,1385367558,Adresse356
2012000357,L2,Nom357,Prenom357,18/07/1986,prenom357.nom357@example.com,1493843401,Adresse357
2012000358,L2,Nom358,Prenom358,25/03/2003,prenom358.nom358@example.com,1441852470,Adresse358
2012000359,M1,Nom359,Prenom359,22/10/1984,prenom359.nom359@example.com,1735080420,Adresse359
2012000360,M1,Nom360,Prenom360,18/02/1988,prenom360.nom360@example.com,1810139527,Adresse360
2012000361,M1,Nom361,Prenom361,15/12/2001,prenom361.nom361@example.com,1684526400,Adresse361
2012000362,L0,Nom362,Prenom362,19/06/1980,prenom362.nom362@example.com,1141380408,Adresse362
2012000363,M0,Nom363,Prenom363,08/12/1993,prenom363.nom363@example.com,1816660237,Adresse363
2012000364,L0,Nom364,Prenom364,06/08/1980,prenom364.nom364@example.com,1468363820,Adresse364
2012000365,L2,Nom365,Prenom365,03/10/1981,prenom365.nom365@example.com,1470726799,Adresse365
2012000366,L2,Nom366,Prenom366,19/10/1992,prenom366.nom366@example.com,1505932085,Adresse366
2012000367,M0,Nom367,Prenom367,02/06/1988,prenom367.nom367@example.com,1192400399,Adresse367
2012000368,M0,Nom368,Prenom368,06/07/2005,prenom368.nom368@example.com,1886986797,Adresse368
2012000369,M1,Nom369,Prenom369,05/03/1995,prenom369.nom369@example.com,1585880820,Adresse369
2012000370,L0,Nom370,Prenom370,18/10/1989,prenom370.nom370@example.com,1376168371,Adresse370
2012000371,M1,Nom371,Prenom371,17/08/1983,prenom371.nom371@example.com,1179627731,Adresse371
2012000372,L1,Nom372,Prenom372,13/06/1995,prenom372.nom372@example.com,1015822131,Adresse372
2012000373,M1,Nom373,Prenom373,21/02/1991,prenom373.nom373@example.com,1765845909,Adresse373
2012000374,L0,Nom374,Prenom374,02/01/1982,prenom374.nom374@example.com,1672132889,Adresse374
2012000375,L2,Nom375,Prenom375,28/06/1999,prenom375.nom375@example.com,1601870955,Adresse375
2012000376,L1,Nom376,Prenom376,20/02/1980,prenom376.nom376@example.com,1814812094,Adresse376
2012000377,L2,Nom377,Prenom377,09/10/1993,prenom377.nom377@example.com,1419047185,Adresse377
2012000378,L2,Nom378,Prenom378,15/12/1989,prenom378.nom378@example.com,1209678381,Adresse378
2012000379,M0,Nom379,Prenom379,22/09/2000,prenom379.nom379@example.com,1583670728,Adresse379
2012000380,L2,Nom380,Prenom380,02/08/1995,prenom380.nom380@example.com,1289741192,Adresse380
2012000381,M1,Nom381,Prenom381,09/09/1987,prenom381.nom381@example.com,1650280849,Adresse381
2012000382,L2,Nom382,Prenom382,24/07/1999,prenom382.nom382@example.com,1840648842,Adresse382
2012000383,L0,Nom383,Prenom383,22/01/1982,prenom383.nom383@example.com,1232846081,Adresse383
2012000384,M0,Nom384,Prenom384,01/05/1996,prenom384.nom384@example.com,1704466652,Adresse384
2012000385,M1,Nom385,Prenom385,17/10/2000,prenom385.nom385@example.com,1177706025,Adresse385
2012000386,M1,Nom386,Prenom386,04/09/1997,prenom386.nom386@example.com,1537686527,Adresse386
2012000387,M0,Nom387,Prenom387,10/09/1986,prenom387.nom387@example.com,1541454423,Adresse387
2012000388,L1,Nom388,Prenom388,24/01/1983,prenom388.nom388@example.com,1667420727,Adresse388
2012000389,L0,Nom389,Prenom389,01/06/1986,prenom389.nom389@example.com,1860019912,Adresse389
2012000390,M0,Nom390,Prenom390,23/05/1985,prenom390.nom390@example.com,1093256780,Adresse390
2012000391,M0,Nom391,Prenom391,27/09/2000,prenom391.nom391@example.com,1650675216,Adresse391
2012000392,L2,Nom392,Prenom392,09/05/1990,prenom392.nom392@example.com,1347270629,Adresse392
2012000393,M1,Nom393,Prenom393,02/05/2000,prenom393.nom393@example.com,1748232450,Adresse393
2012000394,L1,Nom394,Prenom394,11/11/1990,prenom394.nom394@example.com,1078206141,Adresse394
2012000395,L1,Nom395,Prenom395,20/03/1984,prenom395.nom395@example.com,1507522284,Adresse395
2012000396,M1,Nom396,Prenom396,10/10/2004,prenom396.nom396@example.com,1840764179,Adresse396
2012000397,L0,Nom397,Prenom397,02/09/1991,prenom397.nom397@example.com,1773840998,Adresse397
2012000398,M1,Nom398,Prenom398,22/07/1987,prenom398.nom398@example.com,1586855606,Adresse398
2012000399,M1,Nom399,Prenom399,27/11/1989,prenom399.nom399@example.com,1230880959,Adresse399
2012000400,L0,Nom400,Prenom400,24/03/1990,prenom400.nom400@example.com,1200761872,Adresse400
2012000401,M1,Nom401,Prenom401,12/05/1986,prenom401.nom401@example.com,1184676184,Adresse401
2012000402,L1,Nom402,Prenom402,05/10/1998,prenom402.nom402@example.com,1188694438,Adresse402
2012000403,L2,Nom403,Prenom403,23/02/1982,prenom403.nom403@example.com,1560843999,Adresse403
2012000404,L1,Nom404,Prenom404,13/05/1992,prenom404.nom404@example.com,1579431922,Adresse404
2012000405,L0,Nom405,Prenom405,13/03/1982,prenom405.nom405@example.com,1445276620,Adresse405
2012000406,M0,Nom406,Prenom406,09/11/1999,prenom406.nom406@example.com,1824031588,Adresse406
2012000407,M1,Nom407,Prenom407,14/12/1990,prenom407.nom407@example.com,1151668945,Adresse407
2012000408,M1,Nom408,Prenom408,19/06/2001,prenom408.nom408@example.com,1313316308,Adresse408
2012000409,M1,Nom409,Prenom409,06/05/1983,prenom409.nom409@example.com,1786191353,Adresse409
2012000410,L0,Nom410,Prenom410,26/01/1998,prenom410.nom410@example.com,1635430116,Adresse410
2012000411,M0,Nom411,Prenom411,07/09/2000,prenom411.nom411@example.com,1098977449,Adresse411
2012000412,M0,Nom412,Prenom412,24/12/1980,prenom412.nom412@example.com,1757990760,Adresse412
2012000413,M0,Nom413,Prenom413,15/10/2005,prenom413.nom413@example.com,1877162294,Adresse413
2012000414,L1,Nom414,Prenom414,12/03/1995,prenom414.nom414@example.com,1478898383,Adresse414
2012000415,M0,Nom415,Prenom415,19/07/1988,prenom415.nom415@example.com,1041596799,Adresse415
2012000416,M1,Nom416,Prenom416,21/08/1988,prenom416.nom416@example.com,1218989722,Adresse416
2012000417,L1,Nom417,Prenom417,12/07/2001,prenom417.nom417@example.com,1234779438,Adresse417
2012000418,L0,Nom418,Prenom418,14/07/1997,prenom418.nom418@example.com,1501874834,Adresse418
2012000419,L0,Nom419,Prenom419,24/12/1987,prenom419.nom419@example.com,1691476587,Adresse419
2012000420,L2,Nom420,Prenom420,20/05/2001,prenom420.nom420@example.com,1391059687,Adresse420
2012000421,M0,Nom421,Prenom421,08/12/1990,prenom421.nom421@example.com,1728300915,Adresse421
2012000422,L0,Nom422,Prenom422,05/08/1994,prenom422.nom422@example.com,1296038063,Adresse422
2012000423,M1,Nom423,Prenom423,15/10/1980,prenom423.nom423@example.com,1629276301,Adresse423
2012000424,M1,Nom424,Prenom424,18/12/1987,prenom424.nom424@example.com,1852036525,Adresse424
2012000425,M0,Nom425,Prenom425,07/09/1995,prenom425.nom425@example.com,1503652799,Adresse425
2012000426,L2,Nom426,Prenom426,03/07/2004,prenom426.nom426@example.com,1263660596,Adresse426
2012000427,M1,Nom427,Prenom427,20/10/1986,prenom427.nom427@example.com,1241234119,Adresse427
2012000428,M0,Nom428,Prenom428,09/01/1984,prenom428.nom428@example.com,1220810201,Adresse428
2012000429,L0,Nom429,Prenom429,22/11/1991,prenom429.nom429@example.com,1765748482,Adresse429
2012000430,M0,Nom430,Prenom430,05/01/1988,prenom430.nom430@example.com,1058601978,Adresse430
2012000431,M0,Nom431,Prenom431,25/07/1984,prenom431.nom431@example.com,1414960782,Adresse431
2012000432,M0,Nom432,Prenom432,08/10/1986,prenom432.nom432@example.com,1538716366,Adresse432
2012000433,M1,Nom433,Prenom433,22/01/1982,prenom433.nom433@example.com,1846701722,Adresse433
2012000434,M1,Nom434,Prenom434,23/03/1996,prenom434.nom434@example.com,1806417674,Adresse434
2012000435,L0,Nom435,Prenom435,23/07/1989,prenom435.nom435@example.com,1392126629,Adresse435
2012000436,M1,Nom436,Prenom436,24/12/1994,prenom436.nom436@example.com,1419774752,Adresse436
2012000437,L2,Nom437,Prenom437,12/01/1981,prenom437.nom437@example.com,1445109597,Adresse437
2012000438,L2,Nom438,Prenom438,23/12/2002,prenom438.nom438@example.com,1758076211,Adresse438
2012000439,L2,Nom439,Prenom439,28/01/1994,prenom439.nom439@example.com,1348861472,Adresse439
2012000440,M0,Nom440,Prenom440,25/06/1983,prenom440.nom440@example.com,1750933937,Adresse440
2012000441,M0,Nom441,Prenom441,04/09/1986,prenom441.nom441@example.com,1000842690,Adresse441
2012000442,L0,Nom442,Prenom442,22/02/2004,prenom442.nom442@example.com,1105433334,Adresse442
2012000443,M0,Nom443,Prenom443,21/03/1992,prenom443.nom443@example.com,1697793095,Adresse443
2012000444,M0,Nom444,Prenom444,12/05/1981,prenom444.nom444@example.com,1889041600,Adresse444
2012000445,M1,Nom445,Prenom445,24/02/2004,prenom445.nom445@example.com,1339066562,Adresse445
2012000446,M0,Nom446,Prenom446,09/01/1993,prenom446.nom446@example.com,1749309015,Adresse446
2012000447,M0,Nom447,Prenom447,20/05/2001,prenom447.nom447@example.com,1616162403,Adresse447
2012000448,L0,Nom448,Prenom448,01/08/1989,prenom448.nom448@example.com,1821033397,Adresse448
2012000449,L2,Nom449,Prenom449,11/08/1988,prenom449.nom449@example.com,1291059773,Adresse449
2012000450,L1,Nom450,Prenom450,04/08/1998,prenom450.nom450@example.com,1113447570,Adresse450
2012000451,L0,Nom451,Prenom451,12/09/1980,prenom451.nom451@example.com,1139674984,Adresse451
2012000452,M0,Nom452,Prenom452,17/12/2002,prenom452.nom452@example.com,1308839126,Adresse452
2012000453,M0,Nom453,Prenom453,28/05/1997,prenom453.nom453@example.com,1691302732,Adresse453
2012000454,L1,Nom454,Prenom454,10/08/1997,prenom454.nom454@example.com,1660985491,Adresse454
2012000455,L2,Nom455,Prenom455,28/06/1998,prenom455.nom455@example.com,1608076641,Adresse455
2012000456,M0,Nom456,Prenom456,12/09/1984,prenom456.nom456@example.com,1502830363,Adresse456
2012000457,M0,Nom457,Prenom457,01/12/1983,prenom457.nom457@example.com,1704780375,Adresse457
2012000458,M1,Nom458,Prenom458,27/10/1980,prenom458.nom458@example.com,1889007658,Adresse458
2012000459,M0,Nom459,Prenom459,19/11/1981,prenom459.nom459@example.com,1890383664,Adresse459
2012000460,M0,Nom460,Prenom460,09/04/1993,prenom460.nom460@example.com,1044829775,Adresse460
2012000461,M0,Nom461,Prenom461,08/09/1992,prenom461.nom461@example.com,1091419762,Adresse461
2012000462,M1,Nom462,Prenom462,17/12/1991,prenom462.nom462@example.com,1616711594,Adresse462
2012000463,M0,Nom463,Prenom463,10/08/1988,prenom463.nom463@example.com,1439746233,Adresse463
2012000464,L1,Nom464,Prenom464,20/11/1986,prenom464.nom464@example.com,1674831100,Adresse464
2012000465,L0,Nom465,Prenom465,27/02/1980,prenom465.nom465@example.com,1556110214,Adresse465
2012000466,M0,Nom466,Prenom466,05/11/1982,prenom466.nom466@example.com,1242549453,Adresse466
2012000467,L0,Nom467,Prenom467,18/01/1984,prenom467.nom467@example.com,1132788861,Adresse467
2012000468,L2,Nom468,Prenom468,21/06/1995,prenom468.nom468@example.com,1002768731,Adresse468
2012000469,M1,Nom469,Prenom469,09/02/1999,prenom469.nom469@example.com,1426246000,Adresse469
2012000470,L2,Nom470,Prenom470,10/12/1992,prenom470.nom470@example.com,1655868259,Adresse470
2012000471,L1,Nom471,Prenom471,22/04/1981,prenom471.nom471@example.com,1704574439,Adresse471
2012000472,L0,Nom472,Prenom472,05/12/1980,prenom472.nom472@example.com,1694222822,Adresse472
2012000473,L1,Nom473,Prenom473,22/09/1998,prenom473.nom473@example.com,1673088573,Adresse473
2012000474,L1,Nom474,Prenom474,05/12/1981,prenom474.nom474@example.com,1013775220,Adresse474
2012000475,L0,Nom475,Prenom475,03/07/1999,prenom475.nom475@example.com,1885282786,Adresse475
2012000476,L2,Nom476,Prenom476,23/11/1998,prenom476.nom476@example.com,1704086872,Adresse476
2012000477,L0,Nom477,Prenom477,25/06/1982,prenom477.nom477@example.com,1711405615,Adresse477
2012000478,M1,Nom478,Prenom478,17/05/1993,prenom478.nom478@example.com,1772014162,Adresse478
2012000479,L1,Nom479,Prenom479,21/05/2003,prenom479.nom479@example.com,1073479495,Adresse479
2012000480,M1,Nom480,Prenom480,14/08/1991,prenom480.nom480@example.com,1318322128,Adresse480
2012000481,L0,Nom481,Prenom481,22/12/1996,prenom481.nom481@example.com,1793989611,Adresse481
2012000482,L1,Nom482,Prenom482,28/07/1997,prenom482.nom482@example.com,1144134612,Adresse482
2012000483,M0,Nom483,Prenom483,22/03/1988,prenom483.nom483@example.com,1200425750,Adresse483
2012000484,L1,Nom484,Prenom484,06/10/1998,prenom484.nom484@example.com,1119675809,Adresse484
2012000485,M0,Nom485,Prenom485,17/07/1990,prenom485.nom485@example.com,1896056367,Adresse485
2012000486,M1,Nom486,Prenom486,24/07/1981,prenom486.nom486@example.com,1785482943,Adresse486
2012000487,M1,Nom487,Prenom487,03/06/1996,prenom487.nom487@example.com,1702149356,Adresse487
2012000488,M1,Nom488,Prenom488,13/08/1986,prenom488.nom488@example.com,1841908315,Adresse488
2012000489,M1,Nom489,Prenom489,02/02/1985,prenom489.nom489@example.com,1515711704,Adresse489
2012000490,L0,Nom490,Prenom490,22/09/1980,prenom490.nom490@example.com,1479163071,Adresse490
2012000491,M0,Nom491,Prenom491,27/11/1983,prenom491.nom491@example.com,1624475245,Adresse491
2012000492,M1,Nom492,Prenom492,13/08/2003,prenom492.nom492@example.com,1089971259,Adresse492
2012000493,M0,Nom493,Prenom493,06/05/1999,prenom493.nom493@example.com,1332331474,Adresse493
2012000494,L1,Nom494,Prenom494,08/07/1984,prenom494.nom494@example.com,1059790859,Adresse494
2012000495,M0,Nom495,Prenom495,11/02/2001,prenom495.nom495@example.com,1633701805,Adresse495
2012000496,L1,Nom496,Prenom496,03/11/1985,prenom496.nom496@example.com,1554098833,Adresse496
2012000497,L2,Nom497,Prenom497,09/08/1991,prenom497.nom497@example.com,1795190567,Adresse497
2012000498,M1,Nom498,Prenom498,22/12/2002,prenom498.nom498@example.com,1052347077,Adresse498
2012000499,L0,Nom499,Prenom499,15/02/1980,prenom499.nom499@example.com,1038388361,Adresse499
2012000500,L0,Nom500,Prenom500,12/11/1990,prenom500.nom500@example.com,1284733124,Adresse500
2012000501,M1,Nom501,Prenom501,21/01/2003,prenom501.nom501@example.com,1716937058,Adresse501
2012000502,M1,Nom502,Prenom502,17/10/2001,prenom502.nom502@example.com,1441846199,Adresse502
2012000503,M0,Nom503,Prenom503,05/09/2003,prenom503.nom503@example.com,1837306125,Adresse503
2012000504,L2,Nom504,Prenom504,27/06/1996,prenom504.nom504@example.com,1214101486,Adresse504
2012000505,L0,Nom505,Prenom505,02/02/1997,prenom505.nom505@example.com,1483715890,Adresse505
2012000506,M1,Nom506,Prenom506,04/07/1983,prenom506.nom506@example.com,1862837236,Adresse506
2012000507,M0,Nom507,Prenom507,16/01/1998,prenom507.nom507@example.com,1763151603,Adresse507
2012000508,M1,Nom508,Prenom508,24/08/1996,prenom508.nom508@example.com,1859739641,Adresse508
2012000509,L1,Nom509,Prenom509,18/10/1992,prenom509.nom509@example.com,1193243743,Adresse509
2012000510,L0,Nom510,Prenom510,15/01/1988,prenom510.nom510@example.com,1494912650,Adresse510
2012000511,M1,Nom511,Prenom511,04/11/1994,prenom511.nom511@example.com,1099446267,Adresse511
2012000512,M0,Nom512,Prenom512,22/10/1980,prenom512.nom512@example.com,1483039830,Adresse512
2012000513,M0,Nom513,Prenom513,06/06/1982,prenom513.nom513@example.com,1703518184,Adresse513
2012000514,M1,Nom514,Prenom514,27/03/2001,prenom514.nom514@example.com,1308524732,Adresse514
2012000515,M1,Nom515,Prenom515,24/11/1981,prenom515.nom515@example.com,1846860505,Adresse515
2012000516,L0,Nom516,Prenom516,09/12/1993,prenom516.nom516@example.com,1101787626,Adresse516
2012000517,L0,Nom517,Prenom517,18/06/1997,prenom517.nom517@example.com,1254886654,Adresse517
2012000518,L2,Nom518,Prenom518,28/06/1992,prenom518.nom518@example.com,1276490386,Adresse518
2012000519,M1,Nom519,Prenom519,27/02/1987,prenom519.nom519@example.com,1223499426,Adresse519
2012000520,L2,Nom520,Prenom520,06/08/1988,prenom520.nom520@example.com,1686580347,Adresse520
2012000521,M1,Nom521,Prenom521,07/10/2004,prenom521.nom521@example.com,1502820670,Adresse521
2012000522,L1,Nom522,Prenom522,21/04/1985,prenom522.nom522@example.com,1345997710,Adresse522
2012000523,M1,Nom523,Prenom523,24/11/1993,prenom523.nom523@example.com,1420240274,Adresse523
2012000524,M1,Nom524,Prenom524,04/11/1991,prenom524.nom524@example.com,1588892089,Adresse524
2012000525,M1,Nom525,Prenom525,24/10/1981,prenom525.nom525@example.com,1789837134,Adresse525
2012000526,L1,Nom526,Prenom526,02/09/1998,prenom526.nom526@example.com,1157027719,Adresse526
2012000527,M1,Nom527,Prenom527,01/06/1984,prenom527.nom527@example.com,1806242477,Adresse527
2012000528,M0,Nom528,Prenom528,23/06/1985,prenom528.nom528@example.com,1528464329,Adresse528
2012000529,L2,Nom529,Prenom529,09/06/1993,prenom529.nom529@example.com,1053045336,Adresse529
2012000530,M0,Nom530,Prenom530,25/11/1993,prenom530.nom530@example.com,1411525776,Adresse530
2012000531,M1,Nom531,Prenom531,20/06/1996,prenom531.nom531@example.com,1764080233,Adresse531
2012000532,M0,Nom532,Prenom532,28/09/1983,prenom532.nom532@example.com,1794513094,Adresse532
2012000533,L1,Nom533,Prenom533,19/02/1997,prenom533.nom533@example.com,1288175250,Adresse533
2012000534,L0,Nom534,Prenom534,25/08/2002,prenom534.nom534@example.com,1651233395,Adresse534
2012000535,L0,Nom535,Prenom535,09/01/1988,prenom535.nom535@example.com,1725041815,Adresse535
2012000536,L1,Nom536,Prenom536,16/10/1986,prenom536.nom536@example.com,1268058427,Adresse536
2012000537,L2,Nom537,Prenom537,05/11/1983,prenom537.nom537@example.com,1696517761,Adresse537
2012000538,L2,Nom538,Prenom538,26/12/1983,prenom538.nom538@example.com,1809496500,Adresse538
2012000539,L0,Nom539,Prenom539,23/07/2002,prenom539.nom539@example.com,1042950850,Adresse539
2012000540,L0,Nom540,Prenom540,05/07/1980,prenom540.nom540@example.com,1192619211,Adresse540
2012000541,M1,Nom541,Prenom541,22/03/1986,prenom541.nom541@example.com,1620905519,Adresse541
2012000542,M0,Nom542,Prenom542,03/06/1989,prenom542.nom542@example.com,1209845024,Adresse542
2012000543,M0,Nom543,Prenom543,17/02/1988,prenom543.nom543@example.com,1615573892,Adresse543
2012000544,M0,Nom544,Prenom544,24/06/1995,prenom544.nom544@example.com,1047596734,Adresse544
2012000545,M1,Nom545,Prenom545,18/09/2004,prenom545.nom545@example.com,1684919229,Adresse545
2012000546,L1,Nom546,Prenom546,23/08/1986,prenom546.nom546@example.com,1355634575,Adresse546
2012000547,M0,Nom547,Prenom547,08/04/1990,prenom547.nom547@example.com,1427809830,Adresse547
2012000548,L2,Nom548,Prenom548,04/01/1982,prenom548.nom548@example.com,1755588527,Adresse548
2012000549,L2,Nom549,Prenom549,22/10/1984,prenom549.nom549@example.com,1840663644,Adresse549
2012000550,L2,Nom550,Prenom550,25/01/1995,prenom550.nom550@example.com,1149265876,Adresse550
2012000551,L2,Nom551,Prenom551,03/06/1983,prenom551.nom551@example.com,1194327124,Adresse551
2012000552,L0,Nom552,Prenom552,18/01/1987,prenom552.nom552@example.com,1633435803,Adresse552
2012000553,L0,Nom553,Prenom553,20/11/2001,prenom553.nom553@example.com,1455701511,Adresse553
2012000554,L2,Nom554,Prenom554,13/07/2003,prenom554.nom554@example.com,1524894608,Adresse554
2012000555,M0,Nom555,Prenom555,13/01/1986,prenom555.nom555@example.com,1286943490,Adresse555
2012000556,L2,Nom556,Prenom556,11/04/1998,prenom556.nom556@example.com,1559987572,Adresse556
2012000557,M0,Nom557,Prenom557,01/09/1987,prenom557.nom557@example.com,1586189387,Adresse557
2012000558,M1,Nom558,Prenom558,06/10/1998,prenom558.nom558@example.com,1351612513,Adresse558
2012000559,M1,Nom559,Prenom559,02/04/1993,prenom559.nom559@example.com,1742733460,Adresse559
2012000560,L1,Nom560,Prenom560,19/03/1999,prenom560.nom560@example.com,1871246954,Adresse560
2012000561,M1,Nom561,Prenom561,27/03/1987,prenom561.nom561@example.com,1427595049,Adresse561
2012000562,M1,Nom562,Prenom562,16/04/1981,prenom562.nom562@example.com,1843623407,Adresse562
2012000563,L1,Nom563,Prenom563,28/04/1980,prenom563.nom563@example.com,1406182111,Adresse563
2012000564,M0,Nom564,Prenom564,05/08/1986,prenom564.nom564@example.com,1673006480,Adresse564
2012000565,M0,Nom565,Prenom565,14/10/1995,prenom565.nom565@example.com,1085239581,Adresse565
2012000566,M1,Nom566,Prenom566,06/09/1985,prenom566.nom566@example.com,1209222859,Adresse566
2012000567,L0,Nom567,Prenom567,12/10/1982,prenom567.nom567@example.com,1137887881,Adresse567
2012000568,L1,Nom568,Prenom568,14/05/1993,prenom568.nom568@example.com,1049125319,Adresse568
2012000569,L2,Nom569,Prenom569,17/05/1995,prenom569.nom569@example.com,1306309070,Adresse569
2012000570,M0,Nom570,Prenom570,12/11/1995,prenom570.nom570@example.com,1075643083,Adresse570
2012000571,L0,Nom571,Prenom571,19/12/1989,prenom571.nom571@example.com,1765396278,Adresse571
2012000572,M0,Nom572,Prenom572,15/07/1988,prenom572.nom572@example.com,1566005043,Adresse572
2012000573,M0,Nom573,Prenom573,28/01/1982,prenom573.nom573@example.com,1731475478,Adresse573
2012000574,M0,Nom574,Prenom574,22/02/2005,prenom574.nom574@example.com,1874274425,Adresse574
2012000575,M0,Nom575,Prenom575,14/03/1986,prenom575.nom575@example.com,1001140922,Adresse575
2012000576,M0,Nom576,Prenom576,05/03/1990,prenom576.nom576@example.com,1105202534,Adresse576
2012000577,M0,Nom577,Prenom577,27/05/1989,prenom577.nom577@example.com,1226558579,Adresse577
2012000578,L2,Nom578,Prenom578,27/01/2003,prenom578.nom578@example.com,1019145174,Adresse578
2012000579,L0,Nom579,Prenom579,04/06/2002,prenom579.nom579@example.com,1041619100,Adresse579
2012000580,L0,Nom580,Prenom580,03/08/1997,prenom580.nom580@example.com,1419548359,Adresse580
2012000581,L2,Nom581,Prenom581,18/09/1980,prenom581.nom581@example.com,1871997560,Adresse581
2012000582,L2,Nom582,Prenom582,16/12/2000,prenom582.nom582@example.com,1332815983,Adresse582
2012000583,L1,Nom583,Prenom583,27/05/1982,prenom583.nom583@example.com,1032925718,Adresse583
2012000584,M0,Nom584,Prenom584,04/08/1998,prenom584.nom584@example.com,1557650616,Adresse584
2012000585,L1,Nom585,Prenom585,27/08/2005,prenom585.nom585@example.com,1648636471,Adresse585
2012000586,L0,Nom586,Prenom586,26/10/1997,prenom586.nom586@example.com,1145182191,Adresse586
2012000587,L2,Nom587,Prenom587,19/04/1988,prenom587.nom587@example.com,1670138401,Adresse587
2012000588,M1,Nom588,Prenom588,19/11/1998,prenom588.nom588@example.com,1349629059,Adresse588
2012000589,L1,Nom589,Prenom589,20/05/1987,prenom589.nom589@example.com,1273852545,Adresse589
2012000590,L0,Nom590,Prenom590,18/11/2002,prenom590.nom590@example.com,1669315508,Adresse590
2012000591,M1,Nom591,Prenom591,09/12/2004,prenom591.nom591@example.com,1434182227,Adresse591
2012000592,L1,Nom592,Prenom592,21/10/1998,prenom592.nom592@example.com,1617940057,Adresse592
2012000593,L0,Nom593,Prenom593,24/10/1982,prenom593.nom593@example.com,1252132461,Adresse593
2012000594,L0,Nom594,Prenom594,24/12/1981,prenom594.nom594@example.com,1716097506,Adresse594
2012000595,M0,Nom595,Prenom595,18/04/1999,prenom595.nom595@example.com,1669528443,Adresse595
2012000596,L2,Nom596,Prenom596,28/09/1985,prenom596.nom596@example.com,1498397942,Adresse596
2012000597,M0,Nom597,Prenom597,09/07/2001,prenom597.nom597@example.com,1030637659,Adresse597
2012000598,L2,Nom598,Prenom598,24/09/1982,prenom598.nom598@example.com,1892535490,Adresse598
2012000599,M0,Nom599,Prenom599,16/06/2002,prenom599.nom599@example.com,1400683779,Adresse599
2012000600,L0,Nom600,Prenom600,16/08/2004,prenom600.nom600@example.com,1289320934,Adresse600
2012000601,M0,Nom601,Prenom601,11/06/2004,prenom601.nom601@example.com,1573926126,Adresse601
2012000602,M0,Nom602,Prenom602,13/01/1984,prenom602.nom602@example.com,1481418381,Adresse602
2012000603,M1,Nom603,Prenom603,12/07/1996,prenom603.nom603@example.com,1637755152,Adresse603
2012000604,L0,Nom604,Prenom604,07/06/1996,prenom604.nom604@example.com,1128014243,Adresse604
2012000605,M1,Nom605,Prenom605,21/06/1983,prenom605.nom605@example.com,1482415374,Adresse605
2012000606,M0,Nom606,Prenom606,26/12/2000,prenom606.nom606@example.com,1368465075,Adresse606
2012000607,M0,Nom607,Prenom607,09/06/1996,prenom607.nom607@example.com,1277786226,Adresse607
2012000608,L2,Nom608,Prenom608,14/12/1999,prenom608.nom608@example.com,1867855216,Adresse608
2012000609,M1,Nom609,Prenom609,03/08/1981,prenom609.nom609@example.com,1329008923,Adresse609
2012000610,M1,Nom610,Prenom610,05/07/1992,prenom610.nom610@example.com,1185279674,Adresse610
2012000611,L2,Nom611,Prenom611,19/02/2002,prenom611.nom611@example.com,1592818067,Adresse611
2012000612,L0,Nom612,Prenom612,11/07/1993,prenom612.nom612@example.com,1359578469,Adresse612
2012000613,L0,Nom613,Prenom613,14/07/1995,prenom613.nom613@example.com,1876410205,Adresse613
2012000614,M0,Nom614,Prenom614,25/03/2004,prenom614.nom614@example.com,1131833992,Adresse614
2012000615,M0,Nom615,Prenom615,11/11/1999,prenom615.nom615@example.com,1098616870,Adresse615
2012000616,L0,Nom616,Prenom616,10/02/2002,prenom616.nom616@example.com,1003987623,Adresse616
2012000617,M0,Nom617,Prenom617,14/02/1981,prenom617.nom617@example.com,1806991906,Adresse617
2012000618,L1,Nom618,Prenom618,22/08/2005,prenom618.nom618@example.com,1216142355,Adresse618
2012000619,M1,Nom619,Prenom619,04/02/2002,prenom619.nom619@example.com,1384466372,Adresse619
2012000620,L2,Nom620,Prenom620,14/04/1987,prenom620.nom620@example.com,1583920873,Adresse620
2012000621,L0,Nom621,Prenom621,18/01/2002,prenom621.nom621@example.com,1357778790,Adresse621
2012000622,L1,Nom622,Prenom622,10/02/2000,prenom622.nom622@example.com,1294527079,Adresse622
2012000623,L1,Nom623,Prenom623,01/03/1997,prenom623.nom623@example.com,1407378034,Adresse623
2012000624,L0,Nom624,Prenom624,23/06/1993,prenom624.nom624@example.com,1085036041,Adresse624
2012000625,L0,Nom625,Prenom625,23/10/2001,prenom625.nom625@example.com,1342455950,Adresse625
2012000626,M1,Nom626,Prenom626,10/04/2004,prenom626.nom626@example.com,1592673296,Adresse626
2012000627,M0,Nom627,Prenom627,05/07/1984,prenom627.nom627@example.com,1027423501,Adresse627
2012000628,M1,Nom628,Prenom628,07/08/1990,prenom628.nom628@example.com,1560463793,Adresse628
2012000629,M0,Nom629,Prenom629,09/06/1998,prenom629.nom629@example.com,1637444506,Adresse629
2012000630,M1,Nom630,Prenom630,20/03/2000,prenom630.nom630@example.com,1033883746,Adresse630
2012000631,M0,Nom631,Prenom631,13/09/1995,prenom631.nom631@example.com,1624371012,Adresse631
2012000632,M1,Nom632,Prenom632,11/10/1994,prenom632.nom632@example.com,1610757530,Adresse632
2012000633,L2,Nom633,Prenom633,19/06/2001,prenom633.nom633@example.com,1341298603,Adresse633
2012000634,L1,Nom634,Prenom634,17/10/1996,prenom634.nom634@example.com,1836019032,Adresse634
2012000635,L0,Nom635,Prenom635,06/12/1992,prenom635.nom635@example.com,1850471644,Adresse635
2012000636,L2,Nom636,Prenom636,06/03/1993,prenom636.nom636@example.com,1845686531,Adresse636
2012000637,M0,Nom637,Prenom637,25/06/1980,prenom637.nom637@example.com,1713011561,Adresse637
2012000638,L0,Nom638,Prenom638,25/08/1988,prenom638.nom638@example.com,1319815065,Adresse638
2012000639,L1,Nom639,Prenom639,10/08/1996,prenom639.nom639@example.com,1003185804,Adresse639
2012000640,M1,Nom640,Prenom640,20/04/1998,prenom640.nom640@example.com,1688815976,Adresse640
2012000641,M0,Nom641,Prenom641,26/01/1984,prenom641.nom641@example.com,1263003615,Adresse641
2012000642,M1,Nom642,Prenom642,15/08/1981,prenom642.nom642@example.com,1806826698,Adresse642
2012000643,M1,Nom643,Prenom643,05/03/1985,prenom643.nom643@example.com,1387250647,Adresse643
2012000644,L2,Nom644,Prenom644,02/05/1984,prenom644.nom644@example.com,1607388801,Adresse644
2012000645,M0,Nom645,Prenom645,18/11/1999,prenom645.nom645@example.com,1648991299,Adresse645
2012000646,L2,Nom646,Prenom646,21/04/1984,prenom646.nom646@example.com,1836800650,Adresse646
2012000647,M1,Nom647,Prenom647,16/09/1993,prenom647.nom647@example.com,1833236899,Adresse647
2012000648,M1,Nom648,Prenom648,24/06/1990,prenom648.nom648@example.com,1693738705,Adresse648
2012000649,L0,Nom649,Prenom649,21/03/1995,prenom649.nom649@example.com,1373266797,Adresse649
2012000650,M0,Nom650,Prenom650,18/04/1988,prenom650.nom650@example.com,1421935840,Adresse650
2012000651,M1,Nom651,Prenom651,26/03/1986,prenom651.nom651@example.com,1294613686,Adresse651
2012000652,M1,Nom652,Prenom652,15/04/1981,prenom652.nom652@example.com,1744768603,Adresse652
2012000653,L0,Nom653,Prenom653,24/10/2004,prenom653.nom653@example.com,1845525745,Adresse653
2012000654,M1,Nom654,Prenom654,22/03/1988,prenom654.nom654@example.com,1889171047,Adresse654
2012000655,L2,Nom655,Prenom655,27/03/1983,prenom655.nom655@example.com,1587910759,Adresse655
2012000656,M0,Nom656,Prenom656,20/05/1987,prenom656.nom656@example.com,1262943872,Adresse656
2012000657,M0,Nom657,Prenom657,04/04/1992,prenom657.nom657@example.com,1569272916,Adresse657
2012000658,L2,Nom658,Prenom658,05/05/1980,prenom658.nom658@example.com,1680902503,Adresse658
2012000659,L1,Nom659,Prenom659,22/11/1991,prenom659.nom659@example.com,1857730691,Adresse659
2012000660,L0,Nom660,Prenom660,10/07/1983,prenom660.nom660@example.com,1272320653,Adresse660
2012000661,L1,Nom661,Prenom661,09/01/1984,prenom661.nom661@example.com,1272927922,Adresse661
2012000662,L2,Nom662,Prenom662,15/04/1986,prenom662.nom662@example.com,1327099096,Adresse662
2012000663,M0,Nom663,Prenom663,12/10/1990,prenom663.nom663@example.com,1883829171,Adresse663
2012000664,M1,Nom664,Prenom664,20/06/1987,prenom664.nom664@example.com,1464723220,Adresse664
2012000665,M0,Nom665,Prenom665,11/05/1999,prenom665.nom665@example.com,1309124851,Adresse665
2012000666,L0,Nom666,Prenom666,14/09/2004,prenom666.nom666@example.com,1028494605,Adresse666
2012000667,M0,Nom667,Prenom667,09/12/1993,prenom667.nom667@example.com,1392104399,Adresse667
2012000668,L2,Nom668,Prenom668,19/01/1996,prenom668.nom668@example.com,1510365987,Adresse668
2012000669,L0,Nom669,Prenom669,15/06/1991,prenom669.nom669@example.com,1729442897,Adresse669
2012000670,L0,Nom670,Prenom670,12/12/2001,prenom670.nom670@example.com,1286250359,Adresse670
2012000671,M0,Nom671,Prenom671,21/09/2004,prenom671.nom671@example.com,1071148774,Adresse671
2012000672,L1,Nom672,Prenom672,24/08/1983,prenom672.nom672@example.com,1653931083,Adresse672
2012000673,M0,Nom673,Prenom673,03/03/1993,prenom673.nom673@example.com,1255426728,Adresse673
2012000674,L1,Nom674,Prenom674,06/01/1996,prenom674.nom674@example.com,1660776668,Adresse674
2012000675,M1,Nom675,Prenom675,24/04/1987,prenom675.nom675@example.com,1823356636,Adresse675
2012000676,M0,Nom676,Prenom676,13/07/2005,prenom676.nom676@example.com,1778058015,Adresse676
2012000677,L2,Nom677,Prenom677,15/05/1984,prenom677.nom677@example.com,1774364208,Adresse677
2012000678,M0,Nom678,Prenom678,11/08/1981,prenom678.nom678@example.com,1675749201,Adresse678
2012000679,M0,Nom679,Prenom679,23/10/2000,prenom679.nom679@example.com,1711462814,Adresse679
2012000680,L1,Nom680,Prenom680,28/09/1992,prenom680.nom680@example.com,1054752829,Adresse680
2012000681,L2,Nom681,Prenom681,04/02/2004,prenom681.nom681@example.com,1145974732,Adresse681
2012000682,L1,Nom682,Prenom682,17/03/1993,prenom682.nom682@example.com,1004877548,Adresse682
2012000683,L2,Nom683,Prenom683,15/05/1997,prenom683.nom683@example.com,1891786359,Adresse683
2012000684,M0,Nom684,Prenom684,04/10/1997,prenom684.nom684@example.com,1124273396,Adresse684
2012000685,L2,Nom685,Prenom685,13/01/1986,prenom685.nom685@example.com,1650225965,Adresse685
2012000686,M0,Nom686,Prenom686,21/02/1987,prenom686.nom686@example.com,1077440439,Adresse686
2012000687,L0,Nom687,Prenom687,02/03/1982,prenom687.nom687@example.com,1377841204,Adresse687
2012000688,M1,Nom688,Prenom688,05/01/1991,prenom688.nom688@example.com,1430056793,Adresse688
2012000689,L2,Nom689,Prenom689,25/07/1997,prenom689.nom689@example.com,1346109065,Adresse689
2012000690,L2,Nom690,Prenom690,19/06/1991,prenom690.nom690@example.com,1234395781,Adresse690
2012000691,L1,Nom691,Prenom691,21/04/1993,prenom691.nom691@example.com,1387286492,Adresse691
2012000692,L1,Nom692,Prenom692,13/06/2005,prenom692.nom692@example.com,1155409554,Adresse692
2012000693,M0,Nom693,Prenom693,21/12/2003,prenom693.nom693@example.com,1078646703,Adresse693
2012000694,M1,Nom694,Prenom694,08/11/1997,prenom694.nom694@example.com,1780655144,Adresse694
2012000695,M0,Nom695,Prenom695,05/06/1995,prenom695.nom695@example.com,1894609688,Adresse695
2012000696,M1,Nom696,Prenom696,16/01/1990,prenom696.nom696@example.com,1659423880,Adresse696
2012000697,M1,Nom697,Prenom697,18/06/1985,prenom697.nom697@example.com,1561754647,Adresse697
2012000698,L1,Nom698,Prenom698,15/02/1980,prenom698.nom698@example.com,1193189826,Adresse698
2012000699,M0,Nom699,Prenom699,09/09/1982,prenom699.nom699@example.com,1366881588,Adresse699
2012000700,L0,Nom700,Prenom700,26/12/1998,prenom700.nom700@example.com,1452485377,Adresse700
2012000701,L2,Nom701,Prenom701,11/02/1991,prenom701.nom701@example.com,1228501504,Adresse701
2012000702,L0,Nom702,Prenom702,11/03/1980,prenom702.nom702@example.com,1343578160,Adresse702
2012000703,L0,Nom703,Prenom703,14/07/1995,prenom703.nom703@example.com,1609518380,Adresse703
2012000704,M1,Nom704,Prenom704,28/09/2004,prenom704.nom704@example.com,1813361239,Adresse704
2012000705,L2,Nom705,Prenom705,04/09/1994,prenom705.nom705@example.com,1867769184,Adresse705
2012000706,M1,Nom706,Prenom706,03/11/1984,prenom706.nom706@example.com,1654734123,Adresse706
2012000707,M1,Nom707,Prenom707,13/04/1994,prenom707.nom707@example.com,1389361137,Adresse707
2012000708,L0,Nom708,Prenom708,13/01/1999,prenom708.nom708@example.com,1010105107,Adresse708
2012000709,L1,Nom709,Prenom709,01/05/1998,prenom709.nom709@example.com,1264937609,Adresse709
2012000710,L1,Nom710,Prenom710,24/10/2001,prenom710.nom710@example.com,1443305881,Adresse710
2012000711,M0,Nom711,Prenom711,27/06/1996,prenom711.nom711@example.com,1743405619,Adresse711
2012000712,M0,Nom712,Prenom712,06/05/1984,prenom712.nom712@example.com,1494779859,Adresse712
2012000713,L2,Nom713,Prenom713,15/04/1981,prenom713.nom713@example.com,1245188481,Adresse713
2012000714,M1,Nom714,Prenom714,11/12/1998,prenom714.nom714@example.com,1890077561,Adresse714
2012000715,M1,Nom715,Prenom715,13/08/1997,prenom715.nom715@example.com,1596995582,Adresse715
2012000716,L2,Nom716,Prenom716,26/11/2000,prenom716.nom716@example.com,1200113325,Adresse716
2012000717,L1,Nom717,Prenom717,21/03/1991,prenom717.nom717@example.com,1822598273,Adresse717
2012000718,M0,Nom718,Prenom718,08/02/1992,prenom718.nom718@example.com,1385855758,Adresse718
2012000719,L1,Nom719,Prenom719,22/03/1986,prenom719.nom719@example.com,1023235007,Adresse719
2012000720,L1,Nom720,Prenom720,26/06/1997,prenom720.nom720@example.com,1850312402,Adresse720
2012000721,L2,Nom721,Prenom721,14/01/1989,prenom721.nom721@example.com,1659974683,Adresse721
2012000722,M1,Nom722,Prenom722,16/12/1989,prenom722.nom722@example.com,1192119605,Adresse722
2012000723,L2,Nom723,Prenom723,28/06/1982,prenom723.nom723@example.com,1025922065,Adresse723
2012000724,M1,Nom724,Prenom724,12/10/2002,prenom724.nom724@example.com,1251055621,Adresse724
2012000725,L1,Nom725,Prenom725,03/02/1982,prenom725.nom725@example.com,1354168242,Adresse725
2012000726,M1,Nom726,Prenom726,21/09/1996,prenom726.nom726@example.com,1838768750,Adresse726
2012000727,M1,Nom727,Prenom727,26/11/1980,prenom727.nom727@example.com,1419228039,Adresse727
2012000728,L2,Nom728,Prenom728,21/11/2000,prenom728.nom728@example.com,1193363904,Adresse728
2012000729,L0,Nom729,Prenom729,12/01/2005,prenom729.nom729@example.com,1601734618,Adresse729
2012000730,M0,Nom730,Prenom730,06/10/2002,prenom730.nom730@example.com,1198302661,Adresse730
2012000731,M1,Nom731,Prenom731,20/07/1988,prenom731.nom731@example.com,1454218312,Adresse731
2012000732,L1,Nom732,Prenom732,04/09/1982,prenom732.nom732@example.com,1872716709,Adresse732
2012000733,M1,Nom733,Prenom733,01/05/1987,prenom733.nom733@example.com,1132458289,Adresse733
2012000734,L2,Nom734,Prenom734,19/02/2003,prenom734.nom734@example.com,1588373318,Adresse734
2012000735,L0,Nom735,Prenom735,26/09/1993,prenom735.nom735@example.com,1460421423,Adresse735
2012000736,L0,Nom736,Prenom736,09/11/1994,prenom736.nom736@example.com,1643122494,Adresse736
2012000737,L2,Nom737,Prenom737,15/07/1981,prenom737.nom737@example.com,1204079710,Adresse737
2012000738,M0,Nom738,Prenom738,12/09/1985,prenom738.nom738@example.com,1765040307,Adresse738
2012000739,M1,Nom739,Prenom739,12/12/1991,prenom739.nom739@example.com,1414223191,Adresse739
2012000740,M1,Nom740,Prenom740,26/11/1996,prenom740.nom740@example.com,1236303813,Adresse740
2012000741,M0,Nom741,Prenom741,10/06/1992,prenom741.nom741@example.com,1714014678,Adresse741
2012000742,M0,Nom742,Prenom742,26/01/1990,prenom742.nom742@example.com,1726081356,Adresse742
2012000743,M1,Nom743,Prenom743,03/11/1996,prenom743.nom743@example.com,1710302354,Adresse743
2012000744,L0,Nom744,Prenom744,23/04/1995,prenom744.nom744@example.com,1064404259,Adresse744
2012000745,L2,Nom745,Prenom745,18/01/1996,prenom745.nom745@example.com,1641765465,Adresse745
2012000746,L0,Nom746,Prenom746,03/08/1981,prenom746.nom746@example.com,1290499819,Adresse746
2012000747,L2,Nom747,Prenom747,21/01/1987,prenom747.nom747@example.com,1889423352,Adresse747
2012000748,L2,Nom748,Prenom748,03/05/1993,prenom748.nom748@example.com,1181342354,Adresse748
2012000749,L0,Nom749,Prenom749,16/10/1986,prenom749.nom749@example.com,1401787779,Adresse749
2012000750,M1,Nom750,Prenom750,15/09/1983,prenom750.nom750@example.com,1002393045,Adresse750
2012000751,L2,Nom751,Prenom751,15/05/1987,prenom751.nom751@example.com,1491237436,Adresse751
2012000752,M0,Nom752,Prenom752,26/12/1989,prenom752.nom752@example.com,1563033339,Adresse752
2012000753,L2,Nom753,Prenom753,13/01/1991,prenom753.nom753@example.com,1843435327,Adresse753
2012000754,M1,Nom754,Prenom754,02/01/1991,prenom754.nom754@example.com,1520413794,Adresse754
2012000755,M1,Nom755,Prenom755,28/03/1988,prenom755.nom755@example.com,1852566325,Adresse755
2012000756,L0,Nom756,Prenom756,08/06/1992,prenom756.nom756@example.com,1846462851,Adresse756
2012000757,M0,Nom757,Prenom757,25/02/1992,prenom757.nom757@example.com,1028039309,Adresse757
2012000758,L2,Nom758,Prenom758,16/08/1988,prenom758.nom758@example.com,1312411317,Adresse758
2012000759,L2,Nom759,Prenom759,18/04/1989,prenom759.nom759@example.com,1823211131,Adresse759
2012000760,M1,Nom760,Prenom760,22/10/1985,prenom760.nom760@example.com,1615886432,Adresse760
2012000761,M0,Nom761,Prenom761,25/10/1983,prenom761.nom761@example.com,1366718786,Adresse761
2012000762,M0,Nom762,Prenom762,26/08/2002,prenom762.nom762@example.com,1372884823,Adresse762
2012000763,M1,Nom763,Prenom763,20/07/1992,prenom763.nom763@example.com,1439507632,Adresse763
2012000764,L0,Nom764,Prenom764,19/05/1999,prenom764.nom764@example.com,1214014381,Adresse764
2012000765,M0,Nom765,Prenom765,08/10/1987,prenom765.nom765@example.com,1508550739,Adresse765
2012000766,M0,Nom766,Prenom766,25/08/1996,prenom766.nom766@example.com,1557311724,Adresse766
2012000767,M1,Nom767,Prenom767,25/02/2003,prenom767.nom767@example.com,1204096642,Adresse767
2012000768,L0,Nom768,Prenom768,07/01/1992,prenom768.nom768@example.com,1145424848,Adresse768
2012000769,L1,Nom769,Prenom769,07/11/1980,prenom769.nom769@example.com,1438674909,Adresse769
2012000770,L2,Nom770,Prenom770,25/03/1985,prenom770.nom770@example.com,1404178196,Adresse770
2012000771,L1,Nom771,Prenom771,28/06/1981,prenom771.nom771@example.com,1012726216,Adresse771
2012000772,L0,Nom772,Prenom772,23/09/2001,prenom772.nom772@example.com,1671861611,Adresse772
2012000773,M1,Nom773,Prenom773,04/01/2005,prenom773.nom773@example.com,1124325940,Adresse773
2012000774,M1,Nom774,Prenom774,07/05/1985,prenom774.nom774@example.com,1202906922,Adresse774
2012000775,M1,Nom775,Prenom775,18/02/2000,prenom775.nom775@example.com,1207509423,Adresse775
2012000776,L1,Nom776,Prenom776,02/06/1999,prenom776.nom776@example.com,1343008480,Adresse776
2012000777,M0,Nom777,Prenom777,17/07/1994,prenom777.nom777@example.com,1038704694,Adresse777
2012000778,L0,Nom778,Prenom778,10/05/2004,prenom778.nom778@example.com,1586106640,Adresse778
2012000779,M1,Nom779,Prenom779,01/09/2000,prenom779.nom779@example.com,1642155990,Adresse779
2012000780,L0,Nom780,Prenom780,22/02/1996,prenom780.nom780@example.com,1132993606,Adresse780
2012000781,L1,Nom781,Prenom781,12/03/1991,prenom781.nom781@example.com,1648096100,Adresse781
2012000782,M1,Nom782,Prenom782,23/01/2004,prenom782.nom782@example.com,1627523084,Adresse782
2012000783,M1,Nom783,Prenom783,22/12/2003,prenom783.nom783@example.com,1427437581,Adresse783
2012000784,L2,Nom784,Prenom784,11/08/1984,prenom784.nom784@example.com,1589003581,Adresse784
2012000785,L2,Nom785,Prenom785,24/06/1982,prenom785.nom785@example.com,1793656555,Adresse785
2012000786,L2,Nom786,Prenom786,16/09/2003,prenom786.nom786@example.com,1006272917,Adresse786
2012000787,L2,Nom787,Prenom787,23/03/1996,prenom787.nom787@example.com,1497130453,Adresse787
2012000788,L2,Nom788,Prenom788,22/07/2003,prenom788.nom788@example.com,1364971824,Adresse788
2012000789,M0,Nom789,Prenom789,01/02/1996,prenom789.nom789@example.com,1384752648,Adresse789
2012000790,M0,Nom790,Prenom790,21/09/1992,prenom790.nom790@example.com,1698373613,Adresse790
2012000791,L1,Nom791,Prenom791,08/09/1999,prenom791.nom791@example.com,1167290602,Adresse791
2012000792,L0,Nom792,Prenom792,05/01/1998,prenom792.nom792@example.com,1795921303,Adresse792
2012000793,L2,Nom793,Prenom793,08/04/1988,prenom793.nom793@example.com,1267726473,Adresse793
2012000794,L2,Nom794,Prenom794,01/01/2003,prenom794.nom794@example.com,1018819060,Adresse794
2012000795,L0,Nom795,Prenom795,02/07/1983,prenom795.nom795@example.com,1776178265,Adresse795
2012000796,L1,Nom796,Prenom796,04/05/1989,prenom796.nom796@example.com,1247313398,Adresse796
2012000797,L2,Nom797,Prenom797,17/12/1990,prenom797.nom797@example.com,1366271683,Adresse797
2012000798,L0,Nom798,Prenom798,23/08/1996,prenom798.nom798@example.com,1788972621,Adresse798
2012000799,L1,Nom799,Prenom799,06/12/1996,prenom799.nom799@example.com,1743112372,Adresse799
2012000800,L2,Nom800,Prenom800,28/09/2000,prenom800.nom800@example.com,1483645868,Adresse800
2012000801,M0,Nom801,Prenom801,17/09/2001,prenom801.nom801@example.com,1724475148,Adresse801
2012000802,M0,Nom802,Prenom802,02/07/2002,prenom802.nom802@example.com,1377652535,Adresse802
2012000803,L1,Nom803,Prenom803,17/12/1984,prenom803.nom803@example.com,1129105404,Adresse803
2012000804,M1,Nom804,Prenom804,03/02/1995,prenom804.nom804@example.com,1749659468,Adresse804
2012000805,M0,Nom805,Prenom805,18/02/1982,prenom805.nom805@example.com,1039499437,Adresse805
2012000806,M0,Nom806,Prenom806,18/01/1993,prenom806.nom806@example.com,1802957103,Adresse806
2012000807,L1,Nom807,Prenom807,06/05/1985,prenom807.nom807@example.com,1219864045,Adresse807
2012000808,L0,Nom808,Prenom808,01/12/1983,prenom808.nom808@example.com,1486645390,Adresse808
2012000809,L2,Nom809,Prenom809,11/09/1999,prenom809.nom809@example.com,1731893041,Adresse809
2012000810,L0,Nom810,Prenom810,13/05/2002,prenom810.nom810@example.com,1852748626,Adresse810
2012000811,M0,Nom811,Prenom811,11/02/1980,prenom811.nom811@example.com,1785720668,Adresse811
2012000812,L0,Nom812,Prenom812,03/04/1988,prenom812.nom812@example.com,1505498569,Adresse812
2012000813,M1,Nom813,Prenom813,25/08/1998,prenom813.nom813@example.com,1146580623,Adresse813
2012000814,M0,Nom814,Prenom814,27/05/1987,prenom814.nom814@example.com,1493248685,Adresse814
2012000815,L0,Nom815,Prenom815,27/06/1983,prenom815.nom815@example.com,1580167169,Adresse815
2012000816,M0,Nom816,Prenom816,26/06/1982,prenom816.nom816@example.com,1640879409,Adresse816
2012000817,M0,Nom817,Prenom817,24/07/1998,prenom817.nom817@example.com,1477543370,Adresse817
2012000818,L0,Nom818,Prenom818,22/12/1983,prenom818.nom818@example.com,1149614107,Adresse818
2012000819,L1,Nom819,Prenom819,16/12/1993,prenom819.nom819@example.com,1283247297,Adresse819
2012000820,M0,Nom820,Prenom820,23/12/2003,prenom820.nom820@example.com,1493075395,Adresse820
2012000821,L2,Nom821,Prenom821,25/08/1984,prenom821.nom821@example.com,1826038887,Adresse821
2012000822,L0,Nom822,Prenom822,07/08/1980,prenom822.nom822@example.com,1860078635,Adresse822
2012000823,L2,Nom823,Prenom823,26/12/1987,prenom823.nom823@example.com,1038488107,Adresse823
2012000824,L1,Nom824,Prenom824,14/10/1985,prenom824.nom824@example.com,1504364002,Adresse824
2012000825,M0,Nom825,Prenom825,26/07/2000,prenom825.nom825@example.com,1364398328,Adresse825
2012000826,M0,Nom826,Prenom826,15/04/1986,prenom826.nom826@example.com,1122519105,Adresse826
2012000827,L2,Nom827,Prenom827,26/09/1995,prenom827.nom827@example.com,1404259759,Adresse827
2012000828,L1,Nom828,Prenom828,15/12/1985,prenom828.nom828@example.com,1056864570,Adresse828
2012000829,L1,Nom829,Prenom829,23/10/1994,prenom829.nom829@example.com,1888853687,Adresse829
2012000830,M1,Nom830,Prenom830,16/03/1995,prenom830.nom830@example.com,1025413278,Adresse830
2012000831,L2,Nom831,Prenom831,07/11/1980,prenom831.nom831@example.com,1388819333,Adresse831
2012000832,M1,Nom832,Prenom832,19/07/2004,prenom832.nom832@example.com,1066167041,Adresse832
2012000833,L0,Nom833,Prenom833,03/12/1987,prenom833.nom833@example.com,1109979935,Adresse833
2012000834,M1,Nom834,Prenom834,20/09/1983,prenom834.nom834@example.com,1424691604,Adresse834
2012000835,L1,Nom835,Prenom835,23/04/2002,prenom835.nom835@example.com,1097007652,Adresse835
2012000836,L0,Nom836,Prenom836,12/02/1997,prenom836.nom836@example.com,1184039148,Adresse836
2012000837,M1,Nom837,Prenom837,12/04/1983,prenom837.nom837@example.com,1652542900,Adresse837
2012000838,L0,Nom838,Prenom838,16/12/1995,prenom838.nom838@example.com,1306583504,Adresse838
2012000839,M0,Nom839,Prenom839,04/09/1984,prenom839.nom839@example.com,1462556416,Adresse839
2012000840,L1,Nom840,Prenom840,27/02/1993,prenom840.nom840@example.com,1412721637,Adresse840
2012000841,M1,Nom841,Prenom841,06/12/1994,prenom841.nom841@example.com,1120129993,Adresse841
2012000842,M1,Nom842,Prenom842,20/01/2004,prenom842.nom842@example.com,1256704799,Adresse842
2012000843,M0,Nom843,Prenom843,20/05/1981,prenom843.nom843@example.com,1713383795,Adresse843
2012000844,M1,Nom844,Prenom844,21/12/2005,prenom844.nom844@example.com,1475206177,Adresse844
2012000845,L0,Nom845,Prenom845,09/10/1986,prenom845.nom845@example.com,1467107949,Adresse845
2012000846,L0,Nom846,Prenom846,11/05/1995,prenom846.nom846@example.com,1831817667,Adresse846
2012000847,M1,Nom847,Prenom847,27/08/1981,prenom847.nom847@example.com,1034222433,Adresse847
2012000848,L1,Nom848,Prenom848,21/04/2002,prenom848.nom848@example.com,1480568077,Adresse848
2012000849,L1,Nom849,Prenom849,07/12/1992,prenom849.nom849@example.com,1862292236,Adresse849
2012000850,L2,Nom850,Prenom850,06/12/2003,prenom850.nom850@example.com,1869409712,Adresse850
2012000851,M0,Nom851,Prenom851,22/05/1995,prenom851.nom851@example.com,1535838877,Adresse851
2012000852,L1,Nom852,Prenom852,02/09/1998,prenom852.nom852@example.com,1143707732,Adresse852
2012000853,L2,Nom853,Prenom853,07/01/2003,prenom853.nom853@example.com,1782810580,Adresse853
2012000854,L2,Nom854,Prenom854,01/09/2002,prenom854.nom854@example.com,1790913260,Adresse854
2012000855,M1,Nom855,Prenom855,25/06/1996,prenom855.nom855@example.com,1014877658,Adresse855
2012000856,L1,Nom856,Prenom856,23/02/2001,prenom856.nom856@example.com,1162204536,Adresse856
2012000857,L0,Nom857,Prenom857,19/02/2003,prenom857.nom857@example.com,1663657560,Adresse857
2012000858,M0,Nom858,Prenom858,13/05/1995,prenom858.nom858@example.com,1273173658,Adresse858
2012000859,L0,Nom859,Prenom859,12/03/1992,prenom859.nom859@example.com,1353444874,Adresse859
2012000860,M0,Nom860,Prenom860,13/04/1997,prenom860.nom860@example.com,1844620101,Adresse860
2012000861,M0,Nom861,Prenom861,09/09/1987,prenom861.nom861@example.com,1799413864,Adresse861
2012000862,M1,Nom862,Prenom862,05/06/2000,prenom862.nom862@example.com,1685553468,Adresse862
2012000863,L2,Nom863,Prenom863,23/12/1995,prenom863.nom863@example.com,1783936861,Adresse863
2012000864,L2,Nom864,Prenom864,14/08/2005,prenom864.nom864@example.com,1738740903,Adresse864
2012000865,M1,Nom865,Prenom865,16/11/1999,prenom865.nom865@example.com,1184698315,Adresse865
2012000866,L1,Nom866,Prenom866,24/11/2004,prenom866.nom866@example.com,1784305211,Adresse866
2012000867,M0,Nom867,Prenom867,26/07/1980,prenom867.nom867@example.com,1184626319,Adresse867
2012000868,L1,Nom868,Prenom868,19/06/1996,prenom868.nom868@example.com,1761681804,Adresse868
2012000869,M0,Nom869,Prenom869,13/03/1985,prenom869.nom869@example.com,1670222833,Adresse869
2012000870,M1,Nom870,Prenom870,22/05/1995,prenom870.nom870@example.com,1258619434,Adresse870
2012000871,M0,Nom871,Prenom871,15/04/2002,prenom871.nom871@example.com,1189842848,Adresse871
2012000872,M1,Nom872,Prenom872,11/09/2001,prenom872.nom872@example.com,1348664981,Adresse872
2012000873,L1,Nom873,Prenom873,16/01/1987,prenom873.nom873@example.com,1195762367,Adresse873
2012000874,L1,Nom874,Prenom874,03/10/2000,prenom874.nom874@example.com,1254582193,Adresse874
2012000875,M1,Nom875,Prenom875,01/11/1997,prenom875.nom875@example.com,1876195592,Adresse875
2012000876,L1,Nom876,Prenom876,25/02/1981,prenom876.nom876@example.com,1724871439,Adresse876
2012000877,L2,Nom877,Prenom877,22/11/1994,prenom877.nom877@example.com,1046174387,Adresse877
2012000878,M1,Nom878,Prenom878,15/05/1986,prenom878.nom878@example.com,1711330516,Adresse878
2012000879,L1,Nom879,Prenom879,26/05/1982,prenom879.nom879@example.com,1668439631,Adresse879
2012000880,L1,Nom880,Prenom880,28/02/1992,prenom880.nom880@example.com,1396437927,Adresse880
2012000881,L0,Nom881,Prenom881,23/11/1994,prenom881.nom881@example.com,1109702138,Adresse881
2012000882,L2,Nom882,Prenom882,10/03/1993,prenom882.nom882@example.com,1837097715,Adresse882
2012000883,M0,Nom883,Prenom883,24/02/1990,prenom883.nom883@example.com,1877037206,Adresse883
2012000884,L2,Nom884,Prenom884,17/04/1990,prenom884.nom884@example.com,1707228562,Adresse884
2012000885,L0,Nom885,Prenom885,27/05/2004,prenom885.nom885@example.com,1678519906,Adresse885
2012000886,M1,Nom886,Prenom886,21/05/2002,prenom886.nom886@example.com,1394004974,Adresse886
2012000887,M0,Nom887,Prenom887,03/10/2004,prenom887.nom887@example.com,1128931039,Adresse887
2012000888,M1,Nom888,Prenom888,22/12/1988,prenom888.nom888@example.com,1499134586,Adresse888
2012000889,L0,Nom889,Prenom889,13/06/2003,prenom889.nom889@example.com,1791903251,Adresse889
2012000890,L0,Nom890,Prenom890,13/04/1981,prenom890.nom890@example.com,1880685082,Adresse890
2012000891,M0,Nom891,Prenom891,09/12/2005,prenom891.nom891@example.com,1553362839,Adresse891
2012000892,M0,Nom892,Prenom892,12/02/1989,prenom892.nom892@example.com,1731359570,Adresse892
2012000893,M1,Nom893,Prenom893,02/04/1992,prenom893.nom893@example.com,1724502349,Adresse893
2012000894,M0,Nom894,Prenom894,01/12/1998,prenom894.nom894@example.com,1323390819,Adresse894
2012000895,M0,Nom895,Prenom895,12/06/1995,prenom895.nom895@example.com,1626773686,Adresse895
2012000896,M1,Nom896,Prenom896,08/05/1997,prenom896.nom896@example.com,1634507857,Adresse896
2012000897,M1,Nom897,Prenom897,28/02/1995,prenom897.nom897@example.com,1809848031,Adresse897
2012000898,L0,Nom898,Prenom898,16/01/2002,prenom898.nom898@example.com,1246497371,Adresse898
2012000899,L0,Nom899,Prenom899,06/04/1980,prenom899.nom899@example.com,1125230463,Adresse899
2012000900,M1,Nom900,Prenom900,01/10/1996,prenom900.nom900@example.com,1229487593,Adresse900
2012000901,M0,Nom901,Prenom901,09/11/1986,prenom901.nom901@example.com,1612716624,Adresse901
2012000902,M1,Nom902,Prenom902,08/06/1988,prenom902.nom902@example.com,1148542134,Adresse902
2012000903,M0,Nom903,Prenom903,14/02/1988,prenom903.nom903@example.com,1882001367,Adresse903
2012000904,M1,Nom904,Prenom904,25/07/1998,prenom904.nom904@example.com,1319268363,Adresse904
2012000905,M1,Nom905,Prenom905,26/04/1995,prenom905.nom905@example.com,1541613894,Adresse905
2012000906,L1,Nom906,Prenom906,09/07/1995,prenom906.nom906@example.com,1352708865,Adresse906
2012000907,M1,Nom907,Prenom907,16/12/1983,prenom907.nom907@example.com,1489158647,Adresse907
2012000908,M1,Nom908,Prenom908,03/07/1984,prenom908.nom908@example.com,1895226114,Adresse908
2012000909,L0,Nom909,Prenom909,21/01/2000,prenom909.nom909@example.com,1581249492,Adresse909
2012000910,L1,Nom910,Prenom910,19/11/1989,prenom910.nom910@example.com,1456435143,Adresse910
2012000911,L1,Nom911,Prenom911,10/01/2005,prenom911.nom911@example.com,1017665419,Adresse911
2012000912,M0,Nom912,Prenom912,19/06/1983,prenom912.nom912@example.com,1505859770,Adresse912
2012000913,M1,Nom913,Prenom913,05/01/2003,prenom913.nom913@example.com,1035865332,Adresse913
2012000914,M0,Nom914,Prenom914,12/02/2000,prenom914.nom914@example.com,1050783140,Adresse914
2012000915,L0,Nom915,Prenom915,16/02/1999,prenom915.nom915@example.com,1174915053,Adresse915
2012000916,M0,Nom916,Prenom916,26/04/1985,prenom916.nom916@example.com,1543851784,Adresse916
2012000917,M0,Nom917,Prenom917,12/10/1994,prenom917.nom917@example.com,1023230807,Adresse917
2012000918,M1,Nom918,Prenom918,18/10/1984,prenom918.nom918@example.com,1546858812,Adresse918
2012000919,L0,Nom919,Prenom919,05/08/1990,prenom919.nom919@example.com,1859142386,Adresse919
2012000920,L1,Nom920,Prenom920,01/07/2005,prenom920.nom920@example.com,1578809545,Adresse920
2012000921,L0,Nom921,Prenom921,27/05/1980,prenom921.nom921@example.com,1154434236,Adresse921
2012000922,M1,Nom922,Prenom922,23/05/1992,prenom922.nom922@example.com,1684684093,Adresse922
2012000923,M0,Nom923,Prenom923,03/11/1995,prenom923.nom923@example.com,1369962047,Adresse923
2012000924,L0,Nom924,Prenom924,14/02/1981,prenom924.nom924@example.com,1878689663,Adresse924
2012000925,M0,Nom925,Prenom925,25/04/1996,prenom925.nom925@example.com,1526685848,Adresse925
2012000926,L2,Nom926,Prenom926,26/03/1998,prenom926.nom926@example.com,1733146835,Adresse926
2012000927,L2,Nom927,Prenom927,18/07/1980,prenom927.nom927@example.com,1318764478,Adresse927
2012000928,L1,Nom928,Prenom928,11/10/1996,prenom928.nom928@example.com,1304041026,Adresse928
2012000929,M0,Nom929,Prenom929,13/02/1997,prenom929.nom929@example.com,1892429629,Adresse929
2012000930,M1,Nom930,Prenom930,06/08/1997,prenom930.nom930@example.com,1514962132,Adresse930
2012000931,M1,Nom931,Prenom931,15/02/1983,prenom931.nom931@example.com,1814783935,Adresse931
2012000932,M0,Nom932,Prenom932,24/12/1987,prenom932.nom932@example.com,1844605542,Adresse932
2012000933,L1,Nom933,Prenom933,03/02/1981,prenom933.nom933@example.com,1814865699,Adresse933
2012000934,M0,Nom934,Prenom934,02/06/1998,prenom934.nom934@example.com,1614232907,Adresse934
2012000935,M1,Nom935,Prenom935,19/06/2001,prenom935.nom935@example.com,1023891576,Adresse935
2012000936,M0,Nom936,Prenom936,14/02/1982,prenom936.nom936@example.com,1590679169,Adresse936
2012000937,M0,Nom937,Prenom937,19/09/1991,prenom937.nom937@example.com,1846529148,Adresse937
2012000938,M1,Nom938,Prenom938,26/10/1981,prenom938.nom938@example.com,1762074768,Adresse938
2012000939,M0,Nom939,Prenom939,04/11/1989,prenom939.nom939@example.com,1654542525,Adresse939
2012000940,M0,Nom940,Prenom940,02/07/1994,prenom940.nom940@example.com,1197739034,Adresse940
2012000941,L1,Nom941,Prenom941,14/01/1993,prenom941.nom941@example.com,1841071659,Adresse941
2012000942,L0,Nom942,Prenom942,24/12/1991,prenom942.nom942@example.com,1493560158,Adresse942
2012000943,L2,Nom943,Prenom943,08/02/1990,prenom943.nom943@example.com,1705282957,Adresse943
2012000944,L0,Nom944,Prenom944,13/10/1989,prenom944.nom944@example.com,1729437713,Adresse944
2012000945,L0,Nom945,Prenom945,04/04/1996,prenom945.nom945@example.com,1780704223,Adresse945
2012000946,L0,Nom946,Prenom946,28/01/2003,prenom946.nom946@example.com,1829453363,Adresse946
2012000947,L1,Nom947,Prenom947,26/06/1990,prenom947.nom947@example.com,1141653887,Adresse947
2012000948,L1,Nom948,Prenom948,12/04/2001,prenom948.nom948@example.com,1462826084,Adresse948
2012000949,L1,Nom949,Prenom949,02/12/2003,prenom949.nom949@example.com,1437465000,Adresse949
2012000950,L0,Nom950,Prenom950,27/05/1987,prenom950.nom950@example.com,1295685613,Adresse950
2012000951,M1,Nom951,Prenom951,26/11/1987,prenom951.nom951@example.com,1444764146,Adresse951
2012000952,L0,Nom952,Prenom952,22/02/1981,prenom952.nom952@example.com,1563960919,Adresse952
2012000953,L0,Nom953,Prenom953,14/05/1999,prenom953.nom953@example.com,1613606604,Adresse953
2012000954,M0,Nom954,Prenom954,22/07/1990,prenom954.nom954@example.com,1792953866,Adresse954
2012000955,L0,Nom955,Prenom955,11/05/2004,prenom955.nom955@example.com,1652465490,Adresse955
2012000956,L2,Nom956,Prenom956,09/10/2000,prenom956.nom956@example.com,1460255774,Adresse956
2012000957,L2,Nom957,Prenom957,04/03/1998,prenom957.nom957@example.com,1822608624,Adresse957
2012000958,M0,Nom958,Prenom958,11/08/2005,prenom958.nom958@example.com,1755833546,Adresse958
2012000959,L1,Nom959,Prenom959,23/10/2000,prenom959.nom959@example.com,1547457275,Adresse959
2012000960,L2,Nom960,Prenom960,24/07/1999,prenom960.nom960@example.com,1299893011,Adresse960
2012000961,M1,Nom961,Prenom961,02/03/1983,prenom961.nom961@example.com,1705010761,Adresse961
2012000962,L0,Nom962,Prenom962,17/06/1985,prenom962.nom962@example.com,1822493662,Adresse962
2012000963,M0,Nom963,Prenom963,18/02/1981,prenom963.nom963@example.com,1009978676,Adresse963
2012000964,M0,Nom964,Prenom964,01/07/2005,prenom964.nom964@example.com,1187626383,Adresse964
2012000965,M0,Nom965,Prenom965,16/08/1983,prenom965.nom965@example.com,1850182917,Adresse965
2012000966,M0,Nom966,Prenom966,05/02/1988,prenom966.nom966@example.com,1646146742,Adresse966
2012000967,L2,Nom967,Prenom967,24/09/1992,prenom967.nom967@example.com,1818547747,Adresse967
2012000968,M0,Nom968,Prenom968,11/01/1999,prenom968.nom968@example.com,1256393645,Adresse968
2012000969,M0,Nom969,Prenom969,15/07/1984,prenom969.nom969@example.com,1332077630,Adresse969
2012000970,M0,Nom970,Prenom970,19/02/1984,prenom970.nom970@example.com,1872664939,Adresse970
2012000971,M0,Nom971,Prenom971,28/02/1985,prenom971.nom971@example.com,1842635696,Adresse971
2012000972,M1,Nom972,Prenom972,15/04/1981,prenom972.nom972@example.com,1669005935,Adresse972
2012000973,M0,Nom973,Prenom973,05/04/2002,prenom973.nom973@example.com,1065550775,Adresse973
2012000974,L1,Nom974,Prenom974,05/02/2004,prenom974.nom974@example.com,1624183993,Adresse974
2012000975,M0,Nom975,Prenom975,27/05/1981,prenom975.nom975@example.com,1193908736,Adresse975
2012000976,L0,Nom976,Prenom976,10/06/2004,prenom976.nom976@example.com,1018805138,Adresse976
2012000977,M0,Nom977,Prenom977,28/06/1990,prenom977.nom977@example.com,1869635964,Adresse977
2012000978,M0,Nom978,Prenom978,08/03/1990,prenom978.nom978@example.com,1822257479,Adresse978
2012000979,M0,Nom979,Prenom979,10/06/1994,prenom979.nom979@example.com,1865468968,Adresse979
2012000980,M1,Nom980,Prenom980,24/03/1998,prenom980.nom980@example.com,1705111313,Adresse980
2012000981,M0,Nom981,Prenom981,19/10/1989,prenom981.nom981@example.com,1620162320,Adresse981
2012000982,M1,Nom982,Prenom982,09/04/1996,prenom982.nom982@example.com,1504655893,Adresse982
2012000983,M1,Nom983,Prenom983,22/04/1985,prenom983.nom983@example.com,1595755915,Adresse983
2012000984,L2,Nom984,Prenom984,14/11/1992,prenom984.nom984@example.com,1865747896,Adresse984
2012000985,M0,Nom985,Prenom985,12/10/2004,prenom985.nom985@example.com,1327266647,Adresse985
2012000986,L0,Nom986,Prenom986,06/02/1994,prenom986.nom986@example.com,1794028227,Adresse986
2012000987,M1,Nom987,Prenom987,27/05/1989,prenom987.nom987@example.com,1545314919,Adresse987
2012000988,L2,Nom988,Prenom988,18/07/2003,prenom988.nom988@example.com,1091495821,Adresse988
2012000989,M0,Nom989,Prenom989,10/12/2005,prenom989.nom989@example.com,1837850189,Adresse989
2012000990,L1,Nom990,Prenom990,15/09/1989,prenom990.nom990@example.com,1445043534,Adresse990
2012000991,M1,Nom991,Prenom991,24/06/1984,prenom991.nom991@example.com,1661254240,Adresse991
2012000992,L1,Nom992,Prenom992,22/06/1986,prenom992.nom992@example.com,1363858984,Adresse992
2012000993,L1,Nom993,Prenom993,24/06/1990,prenom993.nom993@example.com,1119417614,Adresse993
2012000994,L0,Nom994,Prenom994,08/08/1994,prenom994.nom994@example.com,1369347072,Adresse994
2012000995,M1,Nom995,Prenom995,03/09/1996,prenom995.nom995@example.com,1272428987,Adresse995
2012000996,M0,Nom996,Prenom996,13/07/1989,prenom996.nom996@example.com,1344857502,Adresse996
2012000997,M1,Nom997,Prenom997,23/02/1984,prenom997.nom997@example.com,1703409651,Adresse997
2012000998,M1,Nom998,Prenom998,22/06/2003,prenom998.nom998@example.com,1783154699,Adresse998
2012000999,M1,Nom999,Prenom999,12/09/2001,prenom999.nom999@example.com,1502017679,Adresse999
2012001000,M0,Nom1000,Prenom1000,15/04/1986,prenom1000.nom1000@example.com,1500214164,Adresse1000
